headword,CEFR,level_num
a,A1,1
a.m./A.M./am/AM,A1,1
abandon,B1,3
abandoned,B2,4
ability,A2,2
able,B1,3
abnormal,B1,3
abnormally,B2,4
aboard,B1,3
abolish,B2,4
aboriginal,B2,4
aborigine,B1,3
about,A1,1
about,A1,1
above,B1,3
above,A1,1
above,A1,1
abroad,A2,2
abruptly,B2,4
absence,B1,3
absent,B1,3
absentee,B2,4
absolute,B1,3
absolutely,B1,3
absorb,B1,3
abstract,B1,3
absurd,B2,4
abundance,B1,3
abundant,B1,3
abuse,B2,4
academic,B1,3
academy,B1,3
accent,B1,3
accept,A2,2
acceptable,A2,2
acceptance,B1,3
access,B1,3
access,B2,4
accessibility,B2,4
accessible,B1,3
accessory,B1,3
accident,A2,2
accidental,B1,3
accidentally,B1,3
accommodation,B2,4
accompany,B1,3
accomplish,B1,3
according to,B1,3
accordingly,B2,4
account,A2,2
account,B1,3
accountant,B1,3
accumulate,B2,4
accuracy,B1,3
accurate,B1,3
accurately,B1,3
accusation,B2,4
accuse,B1,3
accustom,B1,3
ache,B1,3
ache,B2,4
achievable,B2,4
achieve,A2,2
achievement,B1,3
acid,B2,4
acknowledge,B1,3
acknowledgment/acknowledgement,B1,3
acquaintance,B1,3
acquire,B1,3
acquisition,B2,4
across,A2,2
across,A2,2
act,A2,2
act,B1,3
action,A1,1
active,B1,3
actively,B2,4
activity,A1,1
actor,A1,1
actress,B1,3
actual,B2,4
actually,A2,2
acute,B2,4
ad,B1,3
adapt,B1,3
adaptable,B2,4
add,A1,1
addict,B2,4
addicted,B2,4
addiction,B2,4
addition,A2,2
additional,A2,2
additionally,B2,4
address,A1,1
address,B1,3
addressee,B1,3
adequate,B2,4
adequately,B2,4
adjective,A2,2
adjust,A2,2
adjustment,B2,4
administration,B1,3
administrative,B2,4
admirable,B2,4
admiration,B1,3
admire,A2,2
admiringly,B2,4
admission,B1,3
admit,A2,2
admittedly,B2,4
adopt,B1,3
adopted,B2,4
adoption,B2,4
adorable,B1,3
adore,B2,4
adorn,B2,4
adult,A2,2
adult,A2,2
advance,B2,4
advance,B1,3
advanced,A2,2
advancement,B2,4
advantage,A2,2
advent,B2,4
adventure,A2,2
adventurous,B2,4
adverb,B1,3
adverbial,B1,3
adverse,B2,4
adversely,B2,4
adversity,B2,4
advert,B1,3
advertise,B1,3
advertisement,A2,2
advertising,A2,2
advice,A2,2
advise,A2,2
adviser/advisor,B1,3
aerobics,B1,3
affair,A2,2
affect,B1,3
affection,B1,3
affectionate,B2,4
affectionately,B2,4
afford,B1,3
affordable,B2,4
afraid,A1,1
after,A2,2
after,B1,3
after,A1,1
afternoon,A1,1
afterward,B1,3
afterwards,B1,3
again,A1,1
against,A2,2
age,A1,1
aged,A2,2
ageless,B2,4
agency,A2,2
agenda,B1,3
agent,A2,2
aggressive,B1,3
aggressively,B2,4
ago,A1,1
agonize/agonise,B2,4
agony,B2,4
agree,A1,1
agreement,B1,3
agricultural,B1,3
agriculture,B1,3
ahead,A2,2
aid,B1,3
aid,B1,3
aim,B1,3
aim,B2,4
air,A2,2
air conditioning,B1,3
air force,B1,3
aircraft,B2,4
aircrew,B2,4
airline,B1,3
airplane/aeroplane,A1,1
airport,A1,1
aisle,A2,2
alarm,A2,2
alarm,B1,3
alarm clock,A2,2
album,A1,1
alcohol,B1,3
alcoholic,B1,3
alcoholic,B2,4
alcoholism,B2,4
alert,B2,4
alike,B1,3
alike,B1,3
alive,A2,2
all,A2,2
all,A1,1
all,A1,1
all right,A1,1
all right,A1,1
allegation,B2,4
allergic,B1,3
alliance,B2,4
allow,A2,2
allowance,B1,3
ally,B2,4
almost,A1,1
alone,A2,2
alone,A1,1
along,A1,1
along,A2,2
alongside,B2,4
aloud,B1,3
alphabet,B1,3
alphabetical,B2,4
already,A1,1
alright,A2,2
alright,A2,2
also,A1,1
altar,B2,4
alter,B2,4
alternate,B2,4
alternative,B1,3
alternative,B1,3
alternatively,B2,4
although,A2,2
altitude,B2,4
altogether,B1,3
aluminum/aluminium,B2,4
always,A1,1
am,A1,1
amaze,B2,4
amazed,B1,3
amazement,B2,4
amazing,B1,3
amazingly,B2,4
ambassador,B2,4
ambiguity,B2,4
ambiguous,B2,4
ambition,A2,2
ambitious,B1,3
ambulance,B1,3
ammonia,B2,4
among,A2,2
amongst,B2,4
amount,B1,3
ample,B2,4
amplifier,B2,4
amplify,B2,4
amuse,B2,4
amused,A2,2
amusement,A2,2
amusing,B1,3
an,A1,1
analogy,B2,4
analysis,B1,3
analyst,B2,4
analyze/analyse,B1,3
ancestor,A2,2
anchor,B2,4
anchorage,B2,4
anchorman,B2,4
anchorperson,B2,4
ancient,A2,2
and,A1,1
angel,A2,2
anger,B1,3
angle,B1,3
angrily,A2,2
angry,A1,1
anguish,B2,4
animal,A1,1
animate,B2,4
animated,B1,3
animation,B1,3
ankle,A2,2
anniversary,A2,2
announce,B1,3
announcement,B1,3
annoy,A2,2
annoyance,B1,3
annoyed,B1,3
annoying,A2,2
annual,B1,3
annually,B1,3
anonymous,B2,4
another,A1,1
another,A2,2
answer,A1,1
answer,A1,1
ant,B1,3
anti,B1,3
antiaircraft,B2,4
antibacterial,B2,4
anticancer,B2,4
anticipate,B2,4
anticipation,B2,4
antipollution,B2,4
antique,B2,4
antique,B1,3
antistatic,B2,4
antivirus,B2,4
antonym,B1,3
anxiety,B1,3
anxious,A2,2
anxiously,B1,3
any,A1,1
any,A1,1
anybody,A1,1
anyhow,B1,3
anymore,A2,2
anyone,A1,1
anything,A1,1
anyway,A2,2
anywhere,A2,2
apart,A2,2
apartment,A2,2
ape,B1,3
apologize/apologise,A2,2
apology,B1,3
apostrophe,B2,4
apparent,B1,3
apparently,A2,2
appeal,B1,3
appeal,B2,4
appear,A2,2
appearance,A2,2
appetite,B1,3
applaud,B1,3
applause,B1,3
apple,A1,1
applicant,B2,4
application,B1,3
apply,A2,2
appoint,B1,3
appointment,A2,2
appreciate,A2,2
appreciation,B1,3
appreciative,B2,4
approach,B1,3
approach,B2,4
appropriate,A2,2
appropriately,B2,4
approval,B1,3
approve,B1,3
approximate,B2,4
approximately,B1,3
April,A1,1
apron,A1,1
arch,B2,4
archaeologist/archeologist,B2,4
architect,B1,3
architecture,A2,2
arctic,B2,4
are,A1,1
area,A2,2
arena,B2,4
argue,A2,2
argument,A2,2
arise,B1,3
aristocracy,B2,4
arithmetic,B1,3
arm,A1,1
arm,B1,3
armchair,A2,2
armed,A2,2
armful,B2,4
army,B1,3
around,A2,2
around,A1,1
arouse,B2,4
arrange,B1,3
arrangement,B1,3
arrest,B1,3
arrest,B1,3
arrival,B1,3
arrive,A1,1
arrogant,B2,4
arrow,B1,3
art,A1,1
artery,B2,4
article,A1,1
articulate,B2,4
artificial,A2,2
artificially,B2,4
artist,B1,3
artistic,B1,3
artistry,B2,4
as,A2,2
as,A1,1
ash,B2,4
ashamed,B1,3
aside,B1,3
ask,A1,1
asleep,A2,2
aspect,B1,3
aspiration,B2,4
aspire,B2,4
aspirin,B1,3
assault,B2,4
assemble,B2,4
assembly,B2,4
assert,B2,4
assess,B2,4
assessment,B2,4
assign,B1,3
assignment,B1,3
assist,B1,3
assistance,B1,3
assistant,A2,2
assistant,B1,3
associate,B1,3
association,A2,2
assume,B1,3
assumption,B2,4
assurance,B2,4
assure,B2,4
astonish,B2,4
astonished,B2,4
astonishing,B2,4
astonishment,B2,4
astronaut,A2,2
astronomer,B1,3
astronomy,B2,4
at,A1,1
athlete,A2,2
athletic,B1,3
athletics,B2,4
Atlantic,B1,3
atmosphere,B1,3
atom,A2,2
atomic,B1,3
attach,B1,3
attached,B2,4
attachment,B1,3
attack,A2,2
attack,A2,2
attain,B1,3
attainable,B2,4
attainment,B2,4
attempt,A2,2
attempt,B1,3
attend,B1,3
attendance,B2,4
attention,A2,2
attentive,B2,4
attentively,B2,4
attitude,A2,2
attract,B1,3
attraction,B1,3
attractive,A2,2
attractiveness,B2,4
attribute,B2,4
attribute,B2,4
atypical,B2,4
aubergine,B2,4
audience,A2,2
audio,A2,2
audit,B2,4
audition,B2,4
August,A1,1
aunt,A1,1
author,A2,2
authoritative,B2,4
authority,B1,3
authorize/authorise,B2,4
automatic,A2,2
automatically,A2,2
autumn,A1,1
auxiliary,B1,3
availability,B2,4
available,B1,3
avenue,B1,3
average,A2,2
average,A2,2
avoid,A2,2
await,B2,4
awake,A1,1
award,A2,2
award,B1,3
aware,B1,3
awareness,B1,3
away,A1,1
awe,B2,4
awesome,B1,3
awful,A2,2
awkward,B1,3
ax/axe,B2,4
axis,B2,4
baby,A1,1
babysit,B1,3
babysitter,B1,3
back,A2,2
back,A1,1
back,A1,1
back,B1,3
backache,B1,3
background,A2,2
backpack,B1,3
backpacker,B1,3
backpacking,B1,3
backup,B2,4
backward/backwards,B2,4
backyard,B2,4
bacon,B1,3
bad,A1,1
badge,B2,4
badly,A2,2
badminton,A2,2
bad-tempered,B2,4
bag,A1,1
baggage,B1,3
bake,A2,2
baker,B1,3
bakery,B1,3
balance,B1,3
balance,B2,4
balanced,B2,4
balcony,A2,2
bald,B1,3
balky,B2,4
ball,A1,1
ballad,B2,4
ballet,B2,4
balloon,A2,2
ballot,B2,4
ban,B2,4
ban,B2,4
banana,A1,1
band,A1,1
bandage,B1,3
bang,B1,3
bang,B1,3
bank,A1,1
bank,A2,2
bank account,B1,3
banker,B2,4
banking,A2,2
bankrupt,B2,4
bankruptcy,B2,4
bar,A1,1
bar,B1,3
barbecue,A2,2
barbecue,B1,3
barber,A2,2
barbershop,B2,4
bare,B1,3
bare,B2,4
barely,B1,3
bargain,A2,2
bargain,B2,4
bark,B1,3
bark,B2,4
barley,B2,4
barman,B1,3
barn,B2,4
barometer,B2,4
barrel,B1,3
barren,B2,4
barrier,B2,4
bartender,B2,4
base,A2,2
base,B1,3
baseball,A1,1
basement,B1,3
basic,A2,2
basically,A2,2
basin,B1,3
basis,B1,3
basket,A2,2
basketball,A1,1
bat,A1,1
bat,B1,3
batch,A2,2
bath,A1,1
bathe,B1,3
bathhouse,B2,4
bathroom,A1,1
battery,A2,2
battle,B1,3
battlefield,B2,4
bay,A2,2
be,A1,1
beach,A1,1
beagle,B2,4
beak,B2,4
beam,B2,4
bean,A1,1
bear,A1,1
bear,A2,2
beard,B1,3
bearing,B2,4
beast,B1,3
beat,B2,4
beat,B1,3
beautiful,A1,1
beautifully,B1,3
beautify,B2,4
beauty,A2,2
beaver,B1,3
because,A1,1
because of,B1,3
become,A1,1
bed,A1,1
bedroom,A1,1
bedside,B1,3
bee,A1,1
beef,A1,1
been,A2,2
beer,A2,2
before,A1,1
before,A2,2
before,A1,1
beg,A2,2
begin,A1,1
beginner,A2,2
beginning,A2,2
behalf,B1,3
behave,B1,3
behavior/behaviour,A2,2
behind,A1,1
behind,A1,1
being,A2,2
belief,B1,3
believe,A1,1
bell,A1,1
bellow,B2,4
belly,A2,2
belong,A2,2
belongings,B2,4
beloved,B1,3
below,A1,1
below,A1,1
belt,A2,2
bench,A2,2
bend,B2,4
bend,A2,2
beneath,B1,3
beneficial,B2,4
benefit,B1,3
benefit,B2,4
benevolence,B2,4
benevolent,B2,4
bent,B1,3
berry,B2,4
beside,A1,1
besides,A2,2
besides,B1,3
best,A1,1
best,A1,1
bestow,B2,4
bestseller,B2,4
bet,B1,3
betray,B2,4
better,A1,1
better,A2,2
between,A1,1
bewilder,B2,4
bewilderment,B2,4
beyond,A2,2
bicycle,A1,1
bid,B2,4
bidding,B2,4
big,A1,1
bike,A1,1
bikini,B2,4
bilingual,B1,3
bill,A2,2
bill,B1,3
billion,B2,4
bin,B1,3
bind,B2,4
bio,B2,4
biochemistry,B1,3
biography,B1,3
biological,B2,4
biology,B1,3
biotechnology,B2,4
bird,A1,1
birdcage,B2,4
birth,A1,1
birthday,A1,1
birthplace,B2,4
biscuit,A1,1
bishop,B1,3
bit,A2,2
bite,A2,2
bite,B1,3
bitter,B1,3
bitterly,B2,4
bizarre,B2,4
black,A1,1
black,A1,1
blackboard,A2,2
blade,B2,4
blame,B1,3
blame,A2,2
blank,A1,1
blanket,A2,2
blast,B2,4
blast,B2,4
blaze,B2,4
blaze,B2,4
bleed,B1,3
blend,B2,4
blend,B1,3
bless,B1,3
blessing,B1,3
blind,B1,3
blindly,B2,4
blindness,B2,4
blink,B2,4
block,A1,1
block,B1,3
blog,B1,3
blogger,B1,3
blonde,A2,2
blood,A2,2
bloodstream,B2,4
bloody,B2,4
bloody,B2,4
bloom,A2,2
blooming,B2,4
blossom,B2,4
blow,A2,2
blow,A1,1
blue,A1,1
blue,A1,1
blur,B2,4
blurt,B2,4
blush,B1,3
blush,B2,4
board,A1,1
board,B1,3
board game,A2,2
boast,B1,3
boat,A1,1
body,A1,1
boil,A2,2
boiled,A2,2
boiling,B2,4
bold,B1,3
bold,B2,4
boldly,B1,3
bolt,B2,4
bolt,B2,4
bomb,B1,3
bomb,B1,3
bombard,B2,4
bomber,B2,4
bombing,B2,4
bond,B1,3
bone,A1,1
bonus,A2,2
bony,B2,4
book,A1,1
book,B1,3
bookcase,A2,2
booking,B1,3
bookish,B2,4
booklet,B2,4
bookmark,B2,4
bookmark,B2,4
bookshelf,A2,2
bookshop,A2,2
bookstore,A1,1
boom,B1,3
boost,B2,4
boost,B2,4
boot,B1,3
booth,B2,4
border,B1,3
bore,B1,3
bored,A2,2
boredom,B1,3
boring,A1,1
borrow,A1,1
boss,A2,2
bossy,B2,4
botany,B2,4
both,A1,1
both,A1,1
both,A1,1
bother,B1,3
bother,A2,2
bothered,B2,4
bothersome,B2,4
bottle,A1,1
bottle,B2,4
bottom,A1,1
bounce,B2,4
bounce,B1,3
bound,B1,3
bourbon,B2,4
bow,B1,3
bow,B2,4
bowl,A1,1
bowl,B1,3
box,A1,1
boxer,B2,4
boxing,B1,3
boy,A1,1
boyfriend,A1,1
bra,A2,2
bracelet,B1,3
bracket,B2,4
brag,B2,4
brain,A1,1
brainstorm,A2,2
brainstorming,B1,3
brake,A2,2
brake,B2,4
branch,A2,2
branch,B1,3
brand,A2,2
brand-new,B1,3
brass,B1,3
brave,A2,2
bravely,B1,3
bravery,B2,4
bread,A1,1
break,A2,2
break,A1,1
breakable,B2,4
breakdown,B2,4
breakfast,A1,1
breakthrough,B1,3
breakup,B2,4
breast,B1,3
breath,B1,3
breathe,A1,1
breathless,B1,3
breathtaking,B2,4
breed,B2,4
breed,B1,3
breeding,B1,3
breeze,A2,2
breezy,B2,4
brewery,B2,4
brick,B1,3
bride,A2,2
bridge,A1,1
brief,B1,3
briefly,B1,3
bright,A1,1
brightly,B1,3
brilliant,A2,2
brilliantly,B2,4
bring,A1,1
broad,B1,3
broadband,B2,4
broadcast,B1,3
broadcast,B2,4
broadcaster,B2,4
broaden,B2,4
broadly,B2,4
broccoli,B1,3
brochure,B2,4
broken,A1,1
bronze,B1,3
brother,A1,1
brotherhood,B1,3
brother-in-law,B2,4
brown,A1,1
brown,A2,2
browse,B2,4
browser,B2,4
bruise,B2,4
brush,A1,1
brush,A1,1
bubble,B1,3
bucket,A1,1
bud,B2,4
buddy,B1,3
budget,B2,4
budget,A2,2
bug,A2,2
build,A1,1
builder,B1,3
building,A1,1
bulb,A2,2
bulimia,B2,4
bull,B1,3
bullet,B1,3
bulletin,B1,3
bully,B2,4
bum,B2,4
bump,B1,3
bumper,B2,4
bun,B2,4
bunch,B1,3
burden,B1,3
burden,B2,4
burdensome,B2,4
bureau,B1,3
bureaucracy,B2,4
burger,A1,1
burglar,B1,3
burglary,B2,4
burgle,B2,4
burial,B2,4
burn,A2,2
burn,B1,3
burning,B1,3
burst,B1,3
bury,A2,2
bus,A1,1
bus station,A2,2
bus stop,A2,2
bush,A2,2
business,A1,1
businessman,A2,2
businesswoman,A2,2
bust,B1,3
bustle,B2,4
bustling,B2,4
busy,A1,1
but,A1,1
but,B1,3
butcher,B1,3
butcher,B2,4
butter,A1,1
butterfly,A1,1
button,A1,1
buy,A1,1
buyer,B1,3
buzz,B2,4
buzz,B2,4
by,A1,1
bye,A1,1
cab,A2,2
cabbage,B1,3
cabin,B1,3
cabinet,B2,4
cable,B2,4
cafe/café,A1,1
cafeteria,A2,2
cage,B1,3
cake,A1,1
calculate,B1,3
calculation,B1,3
calculator,B1,3
calendar,A2,2
calf,B1,3
call,A1,1
call,A2,2
caller,B1,3
calm,B1,3
calmly,B2,4
calmness,B1,3
camel,B1,3
camera,A1,1
camp,A1,1
camp,A2,2
campaign,B2,4
camping,A2,2
campsite,B1,3
campus,A2,2
can,A1,1
can,A2,2
canal,B1,3
cancel,B1,3
cancer,B1,3
candidate,B2,4
candle,B1,3
candy,A1,1
cane,B2,4
canned,B1,3
cannonball,B2,4
canon,B2,4
canteen,B1,3
cap,A1,1
capability,B2,4
capable,B1,3
capacity,B1,3
capital,A2,2
capital letter,A2,2
capsule,B1,3
captain,A2,2
caption,B2,4
captive,B2,4
capture,B1,3
capture,B1,3
car,A1,1
car park,A2,2
caravan,B2,4
carbon,B2,4
carbon dioxide,B2,4
carbon footprint,B2,4
carbon monoxide,B2,4
card,A1,1
cardboard,B2,4
cardigan,B2,4
care,A1,1
care,B1,3
career,B1,3
carefree,B2,4
careful,A1,1
carefully,A1,1
careless,B1,3
carelessly,B1,3
carelessness,B1,3
caring,B2,4
carnival,B2,4
carpet,B1,3
carpool,B2,4
carriage,B1,3
carrot,A2,2
carry,A1,1
carton,B1,3
cartoon,A1,1
carve,B2,4
cascade,B2,4
case,A1,1
cash,A2,2
cashpoint,B1,3
cassette,A2,2
cast,B2,4
cast,B2,4
castle,A2,2
casual,B1,3
casually,B2,4
cat,A1,1
catalog/catalogue,B2,4
catalyst,B2,4
catastrophe,B2,4
catastrophic,B2,4
catch,A1,1
catch,A1,1
catchy,B2,4
categorization/categorisation,B2,4
categorize/categorise,B1,3
category,B1,3
catering,B2,4
cathedral,B2,4
cattle,B1,3
cause,B2,4
cause,A2,2
caution,B1,3
cautious,B1,3
cave,B1,3
CD,A1,1
CD player,A1,1
CD-ROM,B1,3
cease,B2,4
ceiling,B2,4
celebrate,A1,1
celebration,A1,1
celebrity,B1,3
cell,B1,3
cellar,B2,4
cellist,B2,4
cello,B2,4
cemetery,B2,4
cent,A2,2
center/centre,A2,2
centigrade,B2,4
centimeter/centimetre,A2,2
central,B1,3
central heating,B1,3
century,A2,2
cereal,A2,2
ceremony,B1,3
certain,A2,2
certainly,A2,2
certainty,B1,3
certificate,B2,4
certification,B2,4
certify,B2,4
chain,A2,2
chair,A1,1
chairman,A2,2
challenge,A2,2
challenge,B2,4
challenging,B1,3
champagne,A2,2
champion,B1,3
championship,A2,2
chance,A2,2
chancellor,B2,4
change,A1,1
change,A1,1
channel,B1,3
chaos,B1,3
chaotic,B2,4
chapter,A2,2
character,A1,1
characteristic,B2,4
characteristic,B1,3
characterize/characterise,B1,3
charge,B1,3
charge,B1,3
chariot,B1,3
charity,B1,3
charm,B1,3
charming,B2,4
chart,A2,2
chase,B1,3
chase,B2,4
chat,B1,3
chat,A2,2
chat show,B1,3
cheap,A2,2
cheat,B2,4
check,A1,1
check,A2,2
check-in counter/check-in,B1,3
check-in desk/check-in,B1,3
checkout,B1,3
checkpoint,B2,4
cheek,A2,2
cheeky,B2,4
cheer,A2,2
cheerful,B1,3
cheerfully,B2,4
cheerfulness,B2,4
cheese,A1,1
chef,A2,2
chemical,A2,2
chemical,B1,3
chemist,B1,3
chemistry,B1,3
chemotherapy,B2,4
cheque,A2,2
cherish,B1,3
cherished,B2,4
cherry,B2,4
chess,A2,2
chest,A2,2
chest of drawers,B1,3
chew,B2,4
chewing gum,B1,3
chicken,A1,1
chief,B1,3
chief,B2,4
child,A1,1
childhood,A2,2
childish,B2,4
chili/chilli,A2,2
chimney,B2,4
chimpanzee,A2,2
chin,A2,2
chip,B2,4
chirp,A2,2
chocolate,A1,1
choice,A2,2
choir,B1,3
choke,B1,3
choose,A1,1
chop,B2,4
Christian,B1,3
chronological,B1,3
chuckle,B1,3
chunk,B2,4
church,A1,1
cigarette,A2,2
cinema,A1,1
circle,A1,1
circle,B1,3
circuit,B2,4
circuitry,B2,4
circular,B1,3
circumstance,B2,4
circus,B1,3
citizen,A2,2
citizenship,B1,3
city,A1,1
citywide,B2,4
civil,B1,3
civilization/civilisation,B1,3
claim,B1,3
claim,A2,2
clam,B2,4
clap,B2,4
clarify,B2,4
class,A1,1
classic,A2,2
classic,B2,4
classical,B1,3
classical music,A2,2
classification,B2,4
classify,B1,3
classmate,A1,1
classroom,A1,1
clause,B2,4
clean,A1,1
clean,A1,1
cleaner,A2,2
clear,A2,2
clear,B1,3
clearly,A2,2
clearness,B2,4
clerical,B2,4
clerk,A2,2
clever,A1,1
click,B1,3
click,A2,2
client,B2,4
cliff,B1,3
climate,B1,3
climate change,B2,4
climb,A1,1
climb,A2,2
climber,B1,3
climbing,A2,2
clinic,B1,3
clip,B1,3
clock,A1,1
clog,B2,4
clone,A2,2
close,A1,1
close,A1,1
closed,A1,1
closely,B1,3
closure,B2,4
cloth,A1,1
clothes,A1,1
clothing,B2,4
cloud,A1,1
cloudy,A1,1
clown,A2,2
club,A1,1
clue,A2,2
clumsy,B2,4
coach,A1,1
coach,B2,4
coaching,B2,4
coal,B1,3
coalition,B2,4
coarse,B2,4
coast,A2,2
coast,B1,3
coastal,B1,3
coastline,B2,4
coat,A1,1
cocktail,B2,4
cocoa,B2,4
coconut,B2,4
cod,B1,3
code,A1,1
coffee,A1,1
coffin,B1,3
coherence,B2,4
coherent,B2,4
coin,A2,2
coincide,B2,4
coincidence,B2,4
coke,A1,1
cola,A2,2
cold,A1,1
cold,A1,1
collapse,B1,3
collapse,B2,4
collar,B1,3
colleague,B2,4
collect,A1,1
collection,A1,1
collector,B2,4
college,A1,1
collocation,B2,4
colon,B2,4
colonial,B2,4
color/colour,A1,1
color/colour,A1,1
colorful/colourful,A2,2
column,A2,2
columnist,B1,3
coma,B2,4
comb,A2,2
comb,B2,4
combination,B1,3
combine,B1,3
come,A1,1
comedian,B1,3
comedy,B1,3
comet,B1,3
comfort,B1,3
comfortable,A2,2
comfortably,B2,4
comic,A2,2
comic,A2,2
comma,B1,3
command,B1,3
commander,B2,4
commemorate,B2,4
comment,B1,3
comment,B2,4
commerce,B2,4
commercial,B1,3
commercial,B2,4
commission,B2,4
commit,B1,3
commitment,A2,2
committee,A2,2
common,A2,2
common sense,B1,3
commonly,B1,3
commonwealth,B2,4
communicate,A2,2
communication,A2,2
communicative,B2,4
community,B2,4
commute,B2,4
companion,B1,3
company,A2,2
comparative,A2,2
compare,A2,2
comparison,B1,3
compassion,B2,4
compassionate,B2,4
compatible,B2,4
compensate,B2,4
compensation,B2,4
compete,B1,3
competence,B2,4
competent,B2,4
competition,A2,2
competitive,B1,3
competitor,B1,3
compile,B2,4
complain,A2,2
complaint,A2,2
complement,B1,3
complete,A2,2
complete,B1,3
completely,B1,3
completion,B2,4
complex,B1,3
complexion,B2,4
complexity,B2,4
complicate,B1,3
complicated,B1,3
compliment,B1,3
component,B2,4
compose,B1,3
composer,A2,2
composition,B1,3
compound,B1,3
comprehension,B2,4
comprehensive,B2,4
compress,B2,4
compression,B2,4
compromise,B1,3
compromise,B2,4
compulsory,B2,4
compute,B2,4
computer,A1,1
conceal,B2,4
concede,B2,4
conceit,B2,4
conceivable,B2,4
conceive,B2,4
concentrate,A2,2
concentration,B1,3
concept,B1,3
conception,B2,4
concern,A2,2
concern,B2,4
concerned,B1,3
concerning,B2,4
concert,A1,1
concession,B2,4
conclude,B1,3
conclusion,B1,3
concrete,B2,4
concrete,B2,4
condemn,B2,4
condition,A2,2
conduct,B1,3
conduct,B2,4
conductor,B2,4
cone,B2,4
conference,B2,4
conferencing,B2,4
confess,B2,4
confession,B2,4
confidence,B1,3
confident,A2,2
confidently,B2,4
confine,B2,4
confirm,B1,3
confirmation,B1,3
conflict,B1,3
confront,B2,4
confuse,A2,2
confused,A2,2
confusing,B1,3
confusion,B1,3
congratulate,B1,3
conjunction,B2,4
connect,B1,3
connection/connexion,B1,3
conquer,B1,3
conquest,B2,4
conscience,B2,4
conscious,B1,3
consciousness,B2,4
consensus,B2,4
consent,B2,4
consequence,A2,2
consequently,B1,3
conservation,B1,3
conservative,B1,3
consider,A2,2
considerable,B1,3
considerably,B2,4
consideration,B1,3
considering,B2,4
considering,B2,4
consist,A2,2
consistent,B2,4
consolation,B2,4
console,B2,4
consonant,B1,3
constant,B2,4
constantly,B1,3
constitute,B1,3
constitution,B1,3
construct,B1,3
construction,B1,3
consult,B2,4
consultant,B2,4
consume,B1,3
consumer,B1,3
consumption,B1,3
contact,A2,2
contact,A2,2
contain,B1,3
container,A2,2
contaminate,B2,4
contemporary,B2,4
contempt,B2,4
content,B2,4
content,B1,3
contest,A1,1
context,A2,2
continent,A2,2
continual,B1,3
continually,B1,3
continue,A2,2
continuous,B1,3
continuously,B1,3
contract,B2,4
contradict,B2,4
contradiction,B2,4
contradictory,B2,4
contrary,B1,3
contrast,A2,2
contribute,B1,3
contribution,B1,3
control,A2,2
control,B1,3
controversial,B1,3
controversy,B2,4
convenience,A2,2
convenient,A2,2
conveniently,B2,4
convention,B2,4
conventional,B2,4
conversation,A1,1
converse,B2,4
conversely,B2,4
conversion,B2,4
convert,B2,4
convey,B1,3
convince,B1,3
convinced,B2,4
cook,A1,1
cook,A1,1
cooker,A2,2
cookie,A1,1
cooking,A2,2
cool,A1,1
cool,B2,4
cooler,A2,2
cooperate,B2,4
cooperation,B2,4
cooperative,B2,4
cop,A1,1
cope,B2,4
copper,B2,4
copy,A1,1
copy,A2,2
copyright,B1,3
coral,B2,4
core,B2,4
corn,A1,1
corner,A1,1
cornerstone,B2,4
cornet,B2,4
corona,B2,4
corporal,B2,4
corporate,B2,4
corporation,B2,4
correct,A1,1
correct,B2,4
correction,B1,3
correctly,A2,2
correctness,B2,4
correspond,B2,4
correspondence,B2,4
correspondent,B2,4
corresponding,B2,4
corridor,B2,4
corrupt,B2,4
corruption,B2,4
cost,A2,2
cost,A2,2
costly,B2,4
costume,B2,4
cottage,B2,4
cotton,B1,3
couch,A1,1
cough,B2,4
cough,B1,3
could,A1,1
council,B1,3
counseling/counselling,B1,3
count,B1,3
count,A2,2
counter,B2,4
counter,B1,3
countless,B1,3
country,A2,2
countryman,B2,4
countryside,A2,2
countrywide,B2,4
county,B1,3
couple,A2,2
courage,B1,3
courageous,B1,3
courgette,B1,3
course,A1,1
court,A2,2
courtesy,B2,4
cousin,A1,1
cover,A1,1
cover,A2,2
cow,A1,1
coward,B2,4
cowardly,B2,4
coziness/cosiness,B2,4
cozy/cosy,B2,4
crab,B2,4
crack,B2,4
crack,B2,4
craft,B1,3
craftsman,B2,4
crash,B1,3
crash,B1,3
crater,B2,4
crawl,B2,4
crazy,A2,2
cream,A2,2
cream,A1,1
crease,B2,4
create,A2,2
creation,B2,4
creative,A2,2
creatively,B2,4
creativity,A2,2
creator,B1,3
creature,A2,2
credit,A2,2
credit card,A1,1
creek,B2,4
creepy,B2,4
crew,B2,4
cricket,A2,2
crime,A2,2
criminal,B2,4
criminal,B1,3
cripple,B2,4
crisis,B1,3
crisp,A2,2
critic,B1,3
critical,B1,3
critically,B2,4
criticism,B2,4
criticize/criticise,A2,2
crocodile,B2,4
crop,B1,3
cross,A2,2
cross,A2,2
crossing,B1,3
crossly,B2,4
crossroads,B1,3
crow,B1,3
crowd,A2,2
crowded,A2,2
crown,A2,2
crucial,B2,4
cruel,B1,3
cruelly,B2,4
cruelty,B2,4
cruise,A2,2
cruise,B2,4
crush,B1,3
cry,A1,1
cry,A2,2
crystallize/crystallise,B2,4
cube,B2,4
cubism,B2,4
cucumber,B1,3
cuff,B2,4
culmination,B2,4
cultivate,B1,3
cultural,B1,3
culturally,B2,4
culture,A1,1
cup,A1,1
cupboard,A2,2
cure,B1,3
cure,B2,4
curiosity,B1,3
curious,B1,3
curiously,B1,3
curl,B2,4
curly,B1,3
currency,B1,3
current,B1,3
currently,B1,3
curriculum,B1,3
curry,A2,2
curse,A2,2
cursor,B2,4
curtain,B1,3
curve,B1,3
cushion,B1,3
custom,A2,2
customer,A2,2
customs,B1,3
cut,B1,3
cut,A1,1
cute,A1,1
CV,B1,3
cyberaddict,B2,4
cybercafe/cybercafé,B2,4
cybercrime,B2,4
cyberpet,B2,4
cyberschool,B2,4
cyberspace,B2,4
cycle,B1,3
cycle,B1,3
cycling,A2,2
cyclist,B2,4
dad,A1,1
daddy,A1,1
daft,B2,4
daily,A2,2
daily,A2,2
daisy,B1,3
dam,A2,2
damage,B1,3
damage,B1,3
damaged,B1,3
damn,B2,4
damn,B2,4
damn,B2,4
damp,B1,3
dance,A1,1
dance,A1,1
dancer,A2,2
dancing,A1,1
dandelion,B2,4
danger,A2,2
dangerous,A2,2
dangerously,B1,3
dare,B1,3
dark,A1,1
darkness,B1,3
darling,B2,4
darling,B2,4
dash,B2,4
dash,B2,4
data,B2,4
database,B2,4
date,A1,1
date,B1,3
dated,B2,4
dating,B1,3
daughter,A1,1
daughter-in-law,B2,4
dawn,B2,4
day,A1,1
daylight,A2,2
daytime,B2,4
daze,B1,3
dazzle,B1,3
de facto,B2,4
dead,A2,2
deadline,B1,3
deadly,B1,3
deaf,B1,3
deal,A2,2
deal,B1,3
dealer,B1,3
dear,A1,1
dear,B2,4
dearly,B2,4
death,A2,2
debate,A2,2
debit,B2,4
debit,B2,4
debit card,B2,4
debris,B1,3
debt,B1,3
decade,B2,4
decay,B2,4
deceive,B2,4
December,A1,1
decent,B2,4
deceptive,B2,4
decide,A2,2
decision,B1,3
decisive,B2,4
deck,B2,4
declaration,B1,3
declare,B1,3
decline,B1,3
decline,B2,4
decomposition,B2,4
decorate,B2,4
decoration,B2,4
decorative,B2,4
decrease,B1,3
decrease,B1,3
dedicate,B1,3
dedication,B2,4
deduce,B2,4
deduction,B2,4
deed,B1,3
deem,B2,4
deep,B2,4
deep,A2,2
deeply,A2,2
deer,B2,4
defeat,B2,4
defeat,B1,3
defend,B1,3
defender,B1,3
defense/defence,B1,3
deficiency,B1,3
deficit,B2,4
define,B1,3
definite,B1,3
definite article,B1,3
definitely,B1,3
definition,B1,3
deforestation,B2,4
defy,B2,4
degree,A2,2
dehumanize/dehumanise,B2,4
delay,A2,2
delay,B1,3
delegate,B2,4
delete,B1,3
deliberate,B2,4
deliberately,B2,4
delicacy,B2,4
delicate,B1,3
delicately,B2,4
delicious,A1,1
delight,B1,3
delight,B2,4
delighted,B1,3
delightful,B1,3
deliver,B1,3
delivery,B1,3
demand,B1,3
demand,B1,3
demanding,B2,4
democracy,B1,3
democratic,B1,3
demolish,B2,4
demonstrate,B1,3
demonstration,B1,3
denim,B2,4
dense,B2,4
densely,B2,4
dental,B2,4
dentist,A2,2
deny,B1,3
depart,B1,3
department,B1,3
department store,A2,2
departure,B1,3
depend,A2,2
dependable,B2,4
dependent,B1,3
deposit,B1,3
deposit,B2,4
depressed,B1,3
depressing,B1,3
depression,B1,3
deprive,B1,3
depth,B1,3
deputy,B2,4
derive,B1,3
descend,B2,4
describe,A1,1
description,A2,2
descriptive,B2,4
desert,A2,2
deserve,B1,3
design,A1,1
design,B1,3
designer,B2,4
designer,B1,3
desirable,B2,4
desire,B1,3
desire,B2,4
desk,A1,1
desktop,B2,4
desolation,B2,4
despair,B1,3
desperate,B1,3
desperately,B2,4
desperation,B2,4
despise,B2,4
despite,B1,3
dessert,A2,2
destination,B1,3
destiny,B2,4
destroy,A2,2
destruction,B1,3
destructive,B1,3
detach,B2,4
detachment,B2,4
detail,A2,2
detailed,B2,4
detect,B2,4
detective,B1,3
determination,B1,3
determine,B1,3
determined,B2,4
determiner,B2,4
devastate,B1,3
devastating,B1,3
develop,A2,2
developed,A2,2
developing,B2,4
development,B1,3
device,B1,3
devil,B2,4
devote,B2,4
devoted,B2,4
devotion,B1,3
diagram,B1,3
dial,B1,3
dial,B1,3
dialog/dialogue,B1,3
diameter,B1,3
diamond,A2,2
diaper,B1,3
diarrhea/diarrhoea,B2,4
diary,A2,2
dictator,B2,4
dictionary,A1,1
did,A1,1
die,A2,2
diet,A2,2
differ,B1,3
difference,A1,1
different,A1,1
differently,A2,2
difficult,A1,1
difficulty,A2,2
dig,A1,1
dig,B1,3
digest,B2,4
digital,B1,3
digital camera,A2,2
dignify,B2,4
dignity,B2,4
dilemma,B2,4
diligence,B1,3
diligent,B1,3
dim,B2,4
dime,B2,4
dimension,B2,4
dining room,A1,1
dinner,A1,1
dinosaur,A2,2
dioxide,B1,3
dip,B2,4
diphtheria,B2,4
diploma,B2,4
diplomat,B2,4
direct,A2,2
direct,B1,3
direction,A2,2
directly,B1,3
director,A2,2
dirt,B1,3
dirty,A1,1
disability,B1,3
disable,B1,3
disabled,B1,3
disadvantage,A2,2
disagree,A2,2
disagreement,B1,3
disappear,A2,2
disappearance,B2,4
disappoint,B1,3
disappointed,A2,2
disappointing,A2,2
disappointment,B1,3
disapproval,B2,4
disapprove,B2,4
disaster,B1,3
disastrous,B1,3
disc jockey/disk jockey,B1,3
discharge,B2,4
disciple,B2,4
discipline,B2,4
disco,A2,2
discomfort,B1,3
disconnect,B2,4
discount,B1,3
discourage,B1,3
discover,A2,2
discovery,B1,3
discredit,B2,4
discriminate,B2,4
discrimination,B1,3
discuss,A1,1
discussion,A2,2
disease,B1,3
disgrace,B2,4
disguise,B2,4
disguise,B2,4
disgusting,B1,3
dish,A1,1
dishonest,A2,2
dishonesty,B2,4
dishwasher,B1,3
disillusion,B2,4
disk/disc,B1,3
dislike,A2,2
dislike,B1,3
dismiss,B2,4
disorder,B2,4
disorderly,B2,4
disorganized/disorganised,B2,4
dispensable,B2,4
displace,B2,4
display,A2,2
display,B1,3
displeasure,B2,4
disposal,B2,4
disposition,B2,4
dispute,B2,4
disqualify,B2,4
disregard,B2,4
disrupt,B2,4
dissatisfaction,B2,4
dissatisfied,B2,4
dissident,B2,4
dissolve,B1,3
distance,B1,3
distant,B1,3
distinction,B1,3
distinctly,B1,3
distinguish,B1,3
distinguished,B2,4
distortion,B2,4
distract,B2,4
distraction,B2,4
distressing,B2,4
distribute,B1,3
distribution,B1,3
distributor,B2,4
district,B1,3
disturb,A2,2
disturbance,B1,3
dive,B1,3
dive,B1,3
diver,B1,3
diverse,B1,3
diversion,B2,4
divert,B2,4
divide,B1,3
divide,A2,2
divided,B2,4
divine,B1,3
diving,B1,3
division,B2,4
divorce,B2,4
divorce,B2,4
divorced,B1,3
dizzy,A2,2
DJ,B1,3
DNA,B2,4
do,A1,1
doc,B1,3
dock,B2,4
doctor/Dr./Dr,A1,1
document,B1,3
documentary,B1,3
does,A1,1
dog,A1,1
doing,A1,1
doll,A1,1
dollar,A1,1
dolphin,B1,3
domestic,B2,4
dominate,B2,4
donate,B2,4
donation,B2,4
done,A2,2
donkey,B2,4
doom,B2,4
door,A1,1
doorkeeper,B2,4
doorway,B2,4
dorm,B2,4
dormitory,B2,4
dose,B2,4
dot,B1,3
double,A2,2
double,B2,4
double,B2,4
doubly,B2,4
doubt,A2,2
doubt,B2,4
doubtful,B2,4
dove,B2,4
down,B2,4
down,A1,1
down,A2,2
downfall,B2,4
download,B2,4
download,A2,2
downsize,B2,4
downstairs,B1,3
downstairs,A2,2
downtown,A2,2
downward,B1,3
dowry,B2,4
doze,B1,3
dozen,B1,3
dozen,B1,3
draft/draught,B2,4
drag,B1,3
drain,B2,4
drain,B2,4
drama,A1,1
dramatic,B1,3
dramatically,B2,4
drapery,B2,4
draw,A2,2
draw,A1,1
drawer,A2,2
drawing,A2,2
dread,B2,4
dreadful,B2,4
dream,A1,1
dream,A2,2
dreamy,B2,4
dress,A1,1
dress,A2,2
dressed,A2,2
drill,A2,2
drink,A1,1
drink,A1,1
drinkable,B2,4
drive,A1,1
drive,A2,2
driver,A1,1
driver's license/driving licence,A2,2
droop,B2,4
drop,A2,2
drop,A1,1
dropout,B2,4
drought,B2,4
drown,B1,3
drug,A2,2
drugstore,A2,2
drum,A1,1
drunk,B1,3
dry,A1,1
dry,A2,2
duck,A2,2
dude,B1,3
due,A1,1
duel,B2,4
dull,B1,3
dumb,B2,4
dump,B1,3
dump,B1,3
duplicate,B2,4
duplication,B2,4
during,A2,2
dust,A2,2
dustbin,B1,3
dusty,B1,3
duty,B1,3
duty-free,B1,3
duvet,B1,3
DVD,A1,1
dwarf,B2,4
dye,B2,4
dynamic,B2,4
dynasty,B1,3
each,A1,1
each,A1,1
each other,A1,1
eager,B1,3
eagerly,B2,4
eagerness,B1,3
eagle,B2,4
ear,A1,1
earache,B1,3
early,A2,2
early,A1,1
earn,A2,2
earnest,B1,3
earnings,B2,4
earring,A2,2
earth,A2,2
earthquake,A2,2
ease,B2,4
ease,B2,4
easily,A2,2
east,A2,2
east,A2,2
east,A2,2
eastern,B1,3
eastward,B2,4
easy,A1,1
easygoing/easy-going,B1,3
eat,A1,1
eco,B1,3
ecological,B1,3
ecologically,B2,4
ecologist,B2,4
ecology,B1,3
economic,B1,3
economical,B2,4
economics,B1,3
economist,B2,4
economy,B1,3
ecosystem,B1,3
ecstasy,B1,3
ecstatic,B2,4
edge,B1,3
edit,B2,4
edit,B2,4
edition,B1,3
editor,A2,2
editorial,B2,4
educate,B1,3
educated,B2,4
education,A2,2
educational,A2,2
educator,B2,4
effect,A2,2
effective,B1,3
effectively,B2,4
effectiveness,B2,4
efficiency,B1,3
efficient,B1,3
effort,A2,2
egg,A1,1
eight,A1,1
eighteen,A1,1
eighty,A1,1
either,A1,1
either,A2,2
either,B1,3
either,B1,3
elbow,B1,3
elderly,A2,2
elect,B2,4
election,B1,3
elective,B2,4
electric,A2,2
electrical,B1,3
electrician,B2,4
electricity,B1,3
electron,B1,3
electronic,B1,3
electronically,B2,4
electronics,B2,4
elegance,B2,4
elegant,B2,4
elegantly,B2,4
element,B1,3
elemental,B2,4
elementary,A1,1
elephant,A2,2
elevator,A2,2
eleven,A1,1
eligible,B2,4
eliminate,B1,3
elite,B2,4
eloquence,B2,4
eloquent,B2,4
else,A1,1
elsewhere,A2,2
email,A2,2
email/e-mail/E-mail,A1,1
embarrass,B1,3
embarrassed,B1,3
embarrassing,A2,2
embarrassment,B1,3
embassy,B2,4
embrace,B2,4
emerge,B1,3
emergence,B2,4
emergency,A2,2
emotion,B1,3
emotional,B1,3
emotionally,B1,3
emperor,B1,3
emphasis,B1,3
emphasize/emphasize,B1,3
emphatically,B2,4
empire,B1,3
employ,B2,4
employee,B2,4
employer,B2,4
employment,B1,3
empty,A2,2
enable,B1,3
enclose,B1,3
encounter,B1,3
encounter,B2,4
encourage,A2,2
encouragement,B1,3
encouraging,B1,3
encyclopedia/encyclopaedia,B1,3
end,A1,1
end,A2,2
endanger,B1,3
endangered,A2,2
endeavor/endeavour,B2,4
ending,A2,2
endless,B1,3
endlessly,B2,4
endorse,B2,4
endurance,B2,4
endure,B1,3
enduring,B2,4
enemy,B1,3
energetic,A2,2
energy,B2,4
enforce,B2,4
engage,B1,3
engaged,B1,3
engagement,B2,4
engine,B1,3
engineer,A1,1
engineering,B1,3
Englishman,B1,3
engulf,B2,4
enhance,B2,4
enjoy,A1,1
enjoyable,B1,3
enjoyment,B1,3
enormous,A2,2
enough,A2,2
enough,A2,2
enough,A2,2
enrich,B1,3
enroll/enrol,B2,4
ensure,B1,3
enter,A2,2
enterprise,B2,4
entertain,B1,3
entertainer,B1,3
entertaining,B2,4
entertainment,A2,2
enthusiasm,B1,3
enthusiast,B1,3
enthusiastic,B1,3
enthusiastically,B2,4
entire,B1,3
entirely,B1,3
entitle,B2,4
entrance,A2,2
entrepreneur,B2,4
entry,B1,3
envelope,A2,2
environment,B2,4
environmental,B1,3
environmentalist,B1,3
environmentally,B2,4
environmentally friendly,B2,4
envy,A2,2
envy,B2,4
episode,A2,2
equal,B1,3
equal,B2,4
equal,B2,4
equality,B1,3
equally,B1,3
equation,B2,4
equip,B2,4
equipment,B1,3
equity,B2,4
era,B1,3
erect,B2,4
error,A2,2
erupt,B2,4
eruption,B2,4
escalator,A2,2
escape,A2,2
escape,B1,3
especially,A2,2
essay,A2,2
essayist,B2,4
essence,B1,3
essential,B1,3
essentially,B2,4
establish,A2,2
establishment,B1,3
estate,B2,4
estimate,B2,4
estimate,B1,3
estimated,B2,4
eternal,B1,3
eternally,B2,4
eternity,B1,3
ethic,B2,4
ethnic,B2,4
euro,A2,2
evacuate,B2,4
evacuation,B2,4
evaluate,B2,4
evaluation,B2,4
even,B1,3
even,A2,2
evening,A1,1
evenly,B1,3
event,A1,1
eventually,B1,3
ever,A2,2
everlasting,B2,4
every,A1,1
everybody,A1,1
everyday,A1,1
everyone,A1,1
everything,A1,1
everywhere,A1,1
evidence,A2,2
evident,B1,3
evidently,B2,4
evil,B2,4
evil,B2,4
evolution,B2,4
evolve,B2,4
exact,B1,3
exactly,A2,2
exactness,B2,4
exaggerate,B2,4
exaggeration,B2,4
exalt,B2,4
exam,A2,2
examination,B1,3
examine,B1,3
examinee,B2,4
examiner,B1,3
example,A1,1
exceed,B2,4
excel,B2,4
excellence,B1,3
excellent,A1,1
except,A2,2
except,A2,2
exception,B2,4
exceptional,B2,4
exceptionally,B2,4
excess,B1,3
excessive,B2,4
exchange,A2,2
exchange,B1,3
exchange rate,B1,3
excited,A1,1
excitedly,B1,3
excitement,B1,3
exciting,A1,1
exclaim,B2,4
exclamation mark,B2,4
exclude,B2,4
exclusion,B2,4
exclusive,B1,3
exclusively,B2,4
excursion,B2,4
excuse,A1,1
excuse,B1,3
execute,B2,4
execution,B2,4
executive,B2,4
executive,B2,4
exercise,A2,2
exercise,A1,1
exhaust,B2,4
exhausted,B1,3
exhausting,B2,4
exhaustion,B2,4
exhibit,B2,4
exhibition,A2,2
exile,B2,4
exist,A2,2
existence,B1,3
existing,B2,4
exit,B1,3
exit,B1,3
exotic,B2,4
expand,B1,3
expansion,B2,4
expect,A2,2
expectation,B2,4
expected,B2,4
expedition,B2,4
expense,B1,3
expensive,A1,1
experience,A2,2
experience,B1,3
experienced,B1,3
experiment,B1,3
experiment,B2,4
expert,B2,4
expert,A2,2
explain,A2,2
explanation,A2,2
explode,B2,4
exploit,B2,4
exploration,B1,3
explore,A2,2
explorer,B2,4
explosion,B1,3
explosive,B2,4
explosive,B2,4
export,B2,4
export,B2,4
expose,B1,3
express,A2,2
express,B1,3
expression,A2,2
expressive,B2,4
exquisite,B2,4
extend,B1,3
extension,B2,4
extensive,B2,4
extensively,B1,3
extent,B1,3
external,B2,4
extinct,B1,3
extinction,B1,3
extra,A2,2
extra,A2,2
extra,B1,3
extract,B2,4
extract,B2,4
extraordinarily,B2,4
extraordinary,B1,3
extreme,B1,3
extreme sports,B1,3
extremely,A2,2
exultant,B2,4
eye,A1,1
eyebrow,B2,4
eyelash,B2,4
eyelid,B2,4
eyesight,B1,3
fabric,B2,4
fabulous,B2,4
face,A1,1
face,A2,2
face to face,B1,3
face-to-face,B1,3
facilitate,B2,4
facilities,B2,4
facility,B1,3
fact,A2,2
factor,B2,4
factory,A1,1
faculty,B2,4
fade,B1,3
fail,A2,2
failure,B1,3
faint,B1,3
faint,B2,4
fair,A1,1
fair,B1,3
fairly,A2,2
fairy,A1,1
faith,B2,4
faithful,B1,3
fake,B1,3
fall,B1,3
fall,A2,2
fallen,B1,3
false,A1,1
falter,B2,4
fame,B2,4
familiar,A2,2
familiarize/familiarise,B2,4
family,A1,1
famous,A1,1
fan,A1,1
fancy,A2,2
fancy,B1,3
fancy,B1,3
fantastic,A2,2
fantastically,B2,4
fantasy,B1,3
far,B2,4
far,A2,2
faraway,B1,3
fare,A2,2
farewell,B1,3
farm,A1,1
farmer,A1,1
farming,B1,3
farmland,B1,3
farther,B1,3
farthest,B1,3
fascinate,B1,3
fascinated,B2,4
fascinating,A2,2
fascination,B2,4
fashion,A2,2
fashionable,B1,3
fast,A1,1
fast,A1,1
fast food,A2,2
fasten,B1,3
fat,A1,1
fat,B2,4
fatal,B2,4
fate,B2,4
father,A1,1
father-in-law,B2,4
fault,A2,2
faulty,B2,4
favor/favour,A2,2
favorable/favourable,B1,3
favorite/favourite,A1,1
favorite/favourite,A1,1
fax,B1,3
fax,B1,3
fear,A2,2
fear,B2,4
fearsome,B2,4
feast,B1,3
feat,B2,4
feather,A2,2
feature,A2,2
feature,B2,4
February,A1,1
fed up,B2,4
federal,B2,4
fee,A2,2
feed,A1,1
feed,B1,3
feedback,B2,4
feel,A2,2
feel,A1,1
feeling,A1,1
fellow,B2,4
fellow,B1,3
female,A2,2
female,B2,4
fence,A2,2
ferry,B1,3
ferryboat,B2,4
festival,A1,1
festive,B1,3
fetch,B1,3
fever,A1,1
feverishly,B1,3
few,A2,2
few,B1,3
fiber/fibre,B2,4
fiction,A2,2
fictional,B2,4
field,A1,1
fierce,B2,4
fifteen,A1,1
fifth,B1,3
fifty,A1,1
fight,A1,1
fight,B1,3
fighter,A2,2
fighting,B2,4
figurative,B2,4
figure,A2,2
figure,A2,2
file,A1,1
file,B2,4
filial,B2,4
fill,A1,1
filling,B1,3
film,A2,2
film,B1,3
film-maker,B1,3
filter,B1,3
final,A2,2
final,A2,2
finally,A2,2
finance,B2,4
finance,B1,3
financial,B1,3
financially,B2,4
find,A1,1
finding,B1,3
fine,A1,1
fine,B2,4
fine,B1,3
fine,B2,4
finely,B2,4
finger,B1,3
fingernail,B2,4
finish,A1,1
finish,A1,1
fire,A1,1
fire,B2,4
fire brigade,B2,4
fire station,B1,3
firearm,B2,4
firefighter,B1,3
fireplace,B2,4
firework,B1,3
firm,B1,3
firm,B1,3
firmly,B1,3
firmness,B2,4
first,A1,1
first,A1,1
first floor,B1,3
first lady,B1,3
first language,B2,4
first name,A2,2
first person,B2,4
first-floor,B1,3
firstly,B2,4
fiscal,B2,4
fish,A1,1
fish,B1,3
fisherman,A2,2
fishing,A1,1
fit,A2,2
fit,B2,4
fit,B1,3
fitness,B1,3
five,A1,1
fix,A2,2
fix,B1,3
fixed,B2,4
flag,A1,1
flame,B2,4
flap,B2,4
flash,B1,3
flash,B2,4
flash,B2,4
flat,B1,3
flat,B2,4
flat,A1,1
flavor/flavour,B1,3
flaw,B2,4
flawless,B2,4
flax,B2,4
flea,A2,2
flee,B2,4
fleet,B2,4
flesh,B2,4
flexibility,B2,4
flexible,B2,4
flexibly,B2,4
flight,A2,2
flip,B2,4
float,A2,2
float,B1,3
flock,B1,3
flood,A2,2
flood,B1,3
floor,A1,1
flour,A2,2
flow,B1,3
flow,B1,3
flower,A1,1
flu,B1,3
fluency,B2,4
fluent,B1,3
fluently,B1,3
fluid,B2,4
flunk,B1,3
flute,B1,3
flutter,B2,4
fly,A1,1
fly,A1,1
focus,B2,4
focus,A1,1
fog,A2,2
foggy,A1,1
fold,B1,3
fold,B1,3
folder,A2,2
folk,B1,3
follow,A2,2
follower,B2,4
following,A1,1
following,B2,4
folly,B2,4
fond,B1,3
fondly,B2,4
fondness,B1,3
food,A1,1
fool,A2,2
fool,B1,3
foolish,B1,3
foolishly,B2,4
foot,B1,3
football,A1,1
footballer,A2,2
footnote,B2,4
for,A2,2
for,A1,1
forbid,A2,2
forbidden,B1,3
force,A2,2
force,B2,4
forcefully,B2,4
forecast,B1,3
forehead,B1,3
foreign,A1,1
foreigner,A1,1
foreman,B2,4
foresee,B2,4
forest,A2,2
forestry,B2,4
forever,A2,2
forget,A1,1
forgive,B1,3
fork,A2,2
form,A1,1
form,B1,3
formal,B1,3
formally,B1,3
format,B1,3
format,B1,3
formation,B2,4
former,B1,3
formerly,B2,4
formidable,B2,4
formula,B1,3
forth,B1,3
forthcoming,B2,4
fortnight,B1,3
fortunate,B1,3
fortunately,A2,2
fortune,A2,2
forty,A1,1
forward,A2,2
foul,B2,4
found,B2,4
foundation,B1,3
fountain,B1,3
four,A1,1
fourteen,A1,1
fox,B2,4
fragment,B1,3
fragrance,B2,4
frame,A2,2
frame,B2,4
frank,A2,2
frankly,B2,4
frantically,B2,4
fraud,B2,4
freak,B2,4
free,A1,1
free,A2,2
free,B2,4
freedom,A2,2
freely,B1,3
freeze,A2,2
freezer,B1,3
freezing,B1,3
frequency,B1,3
frequent,B1,3
frequently,B1,3
fresh,A2,2
freshman,B1,3
Friday,A1,1
fridge,A2,2
fried,A2,2
friend,A1,1
friendliness,B1,3
friendly,B2,4
friendship,A2,2
frigate,B2,4
fright,B1,3
frighten,A2,2
frightened,A2,2
frightening,A2,2
frog,A1,1
from,A1,1
front,A1,1
front,A2,2
frontier,B2,4
frost,B1,3
frozen,B1,3
frugal,B2,4
fruit,A1,1
frustrated,B1,3
frustration,B1,3
fry,A2,2
fry,B1,3
frying pan,B1,3
fuel,B1,3
fulfill/fulfil,B2,4
full,A1,1
full stop,B1,3
full-time,B1,3
full-time,B1,3
fully,A2,2
fume,B2,4
fun,A1,1
fun,A1,1
function,B1,3
function,A2,2
functional,B2,4
functionality,B2,4
fund,B1,3
fund,B1,3
fundamental,B2,4
funeral,B1,3
funk,B2,4
funky,B2,4
funny,A1,1
fur,B1,3
furious,B2,4
furiously,B2,4
furnish,B1,3
furniture,A2,2
furor/furore,B2,4
further,A2,2
further,B1,3
furthermore,B1,3
furthest,B1,3
fuss,B1,3
future,B1,3
future,A1,1
gaiety,B2,4
gain,B1,3
gain,B1,3
gall,B1,3
gallery,A2,2
gallon,B1,3
gambling,B2,4
game,A1,1
gang,B2,4
gangster,B2,4
gap,B1,3
garage,A2,2
garbage,A1,1
garden,A1,1
gardener,B2,4
gardening,B1,3
garlic,A2,2
garment,B1,3
gas,A2,2
gasp,B2,4
gate,A2,2
gateway,B2,4
gather,A2,2
gaudy,B2,4
gay,B1,3
gaze,B2,4
gear,B2,4
gee,B1,3
gender,A2,2
gene,B1,3
general,B1,3
general,B1,3
generalization/generalisation,B2,4
generalize/generalise,B2,4
generally,B1,3
generate,B1,3
generation,A2,2
generosity,B2,4
generous,B1,3
generously,B2,4
genetic,B1,3
genetically,B1,3
genetics,B1,3
genius,B2,4
genre,B2,4
gentle,A2,2
gentleman,B1,3
gently,B2,4
genuine,B2,4
genuinely,B2,4
geographic,B2,4
geographical,B1,3
geography,B1,3
geology,B1,3
germ,B2,4
gesture,B1,3
get,A1,1
getaway,B2,4
ghetto,B2,4
ghost,A1,1
giant,B1,3
gift,A1,1
gifted,B1,3
giggle,B1,3
ginger,B1,3
giraffe,B1,3
girl,A1,1
girlfriend,A1,1
give,A1,1
giveaway,B2,4
given,A2,2
glacis,B2,4
glad,A1,1
glamorous/glamourous,B2,4
glance,B1,3
glance,B1,3
glare,B2,4
glass,A1,1
glasses,A1,1
gleam,B2,4
glee,B2,4
glide,B1,3
glimpse,B1,3
glint,B1,3
global,B1,3
global warming,B2,4
globally,B2,4
globe,A2,2
glocal,B2,4
gloomy,B2,4
glorify,B2,4
glorious,B1,3
glory,B1,3
glove,A2,2
glow,B2,4
go,B1,3
go,A1,1
goal,A1,1
goalkeeper,B1,3
goat,B2,4
god,B2,4
goddess,B1,3
godly,B2,4
gold,A1,1
gold,A2,2
golden,A2,2
golf,A2,2
golfer,B1,3
good,A1,1
good,B2,4
good afternoon,A1,1
good morning,A1,1
good night,A1,1
good-looking,A2,2
goodness,B1,3
goods,B1,3
goodwill,B2,4
gook,B2,4
gorge,B2,4
gorgeous,B1,3
gorilla,B1,3
gossip,B1,3
gossip,B2,4
govern,B1,3
government,A2,2
governmental,B2,4
governor,B1,3
gown,B1,3
grab,B1,3
grace,A2,2
graceful,B1,3
gracefulness,B2,4
grade,A1,1
grade,B2,4
gradual,B2,4
gradually,A2,2
graduate,B1,3
graduate,A2,2
graduation,B1,3
grain,B2,4
gram/gramme,A2,2
grammar,A1,1
grand,B2,4
grandchild,A2,2
granddad,A2,2
granddaughter,A2,2
grandfather,A1,1
grandma,A1,1
grandmother,A1,1
grandpa,A1,1
grandparent,A1,1
grandson,A2,2
granny,A2,2
grant,B1,3
grant,B1,3
grape,A1,1
graph,B1,3
graphic,B1,3
graphically,B2,4
graphics,B1,3
grasp,B2,4
grass,A1,1
grateful,A2,2
gratitude,B1,3
grave,B1,3
gravestone,B2,4
gravitation,B2,4
gravy,B1,3
gray/grey,A1,1
gray/grey,A1,1
great,A1,1
greatly,A2,2
greatness,B2,4
greedy,A2,2
green,A1,1
green,A2,2
greenhouse,B1,3
greet,A1,1
greeting,B1,3
grief,B2,4
grieve,B2,4
grill,B1,3
grill,B1,3
grilled,A2,2
grim,B2,4
grin,B2,4
grip,B2,4
grip,B2,4
grocery store,A2,2
groom,B1,3
gross,B2,4
ground,A1,1
ground floor,B1,3
group,A1,1
group,B1,3
grouping,B1,3
grow,A1,1
growing,B2,4
grown-up,B2,4
grown-up,B2,4
growth,B1,3
guarantee,B1,3
guarantee,B2,4
guard,A2,2
guard,B2,4
guerrilla,B2,4
guess,B1,3
guess,A1,1
guest,A1,1
guidance,B1,3
guide,B1,3
guide,B1,3
guidebook,A2,2
guideline,B2,4
guilt,B1,3
guilty,B1,3
guitar,A1,1
guitarist,B1,3
gulp,B2,4
gum,B2,4
gun,A2,2
gunshot,B2,4
guts,B2,4
guy,A1,1
gym,B1,3
gymnastic,B2,4
gymnastics,B1,3
habit,A1,1
habitant,B2,4
habitat,B1,3
had,A1,1
hail,B2,4
hair,A1,1
haircut,A1,1
hairdresser,B1,3
hairdryer,B1,3
hairy,B2,4
half,B1,3
half,A2,2
half,A1,1
half,A2,2
half-price,A2,2
half-price,A2,2
hall,A1,1
ham,A2,2
hamburger,A1,1
hammer,B1,3
hammer,B2,4
hand,A1,1
hand,A2,2
handbag,A2,2
handball,B1,3
hand-held,B1,3
handicap,B2,4
handicapped,A2,2
handicraft,B2,4
handkerchief,B1,3
handle,A2,2
handle,B1,3
handout,B2,4
handrail,B2,4
handshake,B1,3
handsome,A1,1
handwriting,B1,3
handy,B1,3
hang,B2,4
hang,B1,3
hanging,B1,3
happen,A1,1
happily,A2,2
happiness,A2,2
happy,A1,1
harbor/harbour,B1,3
hard,A1,1
hard,A1,1
hard drive,B2,4
hardly,A2,2
hardship,B1,3
hardware,B2,4
hard-working,B1,3
harm,B2,4
harm,A2,2
harmful,A2,2
harmless,B2,4
harmony,A2,2
harness,B1,3
harrow,B2,4
harvest,A2,2
has,A1,1
haste,B2,4
hastily,B2,4
hasty,B1,3
hat,A1,1
hatch,B1,3
hatching,B2,4
hate,B1,3
hate,A2,2
hatred,B1,3
haunt,B1,3
haunt,B2,4
haunting,B2,4
have,A1,1
have to,A1,1
haven,B1,3
hay,B2,4
hazard,B1,3
hazardous,B2,4
he,A1,1
head,A1,1
head,A2,2
headache,A1,1
headline,B1,3
headphone,A2,2
headquarters,B2,4
headteacher,A2,2
heal,B1,3
healing,B1,3
health,A1,1
health care,B2,4
healthy,A1,1
heap,B2,4
heap,B2,4
hear,A1,1
hearing,B1,3
heart,A1,1
heart attack,B1,3
heartbreaking,B2,4
hearted,B1,3
heartwarming/heart-warming,B2,4
hearty,B1,3
heat,A2,2
heat,B1,3
heater,B1,3
heating,A2,2
heaven,B1,3
heavenly,B1,3
heavily,A2,2
heavy,A1,1
hedge,B2,4
heel,B1,3
height,B1,3
helicopter,B2,4
hell,B2,4
hello,A1,1
helmet,B1,3
help,A2,2
help,A1,1
helper,B2,4
helpful,A2,2
helpless,B1,3
hemp,B2,4
her,A1,1
her,A1,1
herb,B2,4
herd,B1,3
here,A1,1
heritage,B2,4
hero,A2,2
hers,A1,1
herself,A2,2
hesitate,B1,3
hesitation,B2,4
hey,A2,2
hi,A1,1
hidden,B1,3
hide,A1,1
high,A1,1
high,A2,2
high school,A2,2
highlight,B2,4
highlight,B1,3
highly,B1,3
high-tech/hi-tech,B2,4
highway,A2,2
hijack,B2,4
hijack,B2,4
hike,A2,2
hiking,A2,2
hilarious,B2,4
hill,A1,1
him,A1,1
himself,A2,2
hint,B2,4
hip,B1,3
hip hop/hip-hop/hiphop,A2,2
hire,B1,3
his,A1,1
his,A1,1
historian,B1,3
historic,B1,3
historical,B1,3
history,A1,1
hit,B1,3
hit,A2,2
HIV,B1,3
hobby,A1,1
hockey,A2,2
hold,A1,1
hold,A2,2
holder,B2,4
hole,A1,1
holiday,A1,1
hollow,B2,4
holocaust,B2,4
holy,B1,3
home,A2,2
home,A1,1
homeless,B1,3
hometown,A1,1
homeward,B2,4
homework,A1,1
hone,B2,4
honest,B1,3
honestly,B1,3
honesty,B1,3
honey,A2,2
honeymoon,B1,3
honor/honour,A2,2
honor/honour,B2,4
honorable/honourable,B2,4
hood,B2,4
hook,B2,4
hook,B2,4
hop,B1,3
hope,A1,1
hope,B1,3
hopeful,B1,3
hopefully,B1,3
hopeless,B1,3
horizon,B1,3
horn,B1,3
horrible,B1,3
horrify,B1,3
horror,A2,2
horse,A1,1
hospice,B2,4
hospitable,B2,4
hospital,A1,1
hospitality,B2,4
hospitalize/hospitalise,B2,4
host,A2,2
hostel,B1,3
hot,A1,1
hotel,A1,1
hour,A1,1
hourly,B2,4
house,A1,1
household,B1,3
housekeeper,B2,4
housemaster,B2,4
housewife,B2,4
housework,B1,3
hover,B2,4
how,A1,1
however,A2,2
hug,B2,4
hug,A2,2
huge,B1,3
hugely,B2,4
human,A2,2
human,B1,3
human rights,B2,4
humane,B2,4
humanist,B2,4
humanity,B1,3
humanize/humanise,B2,4
humble,B2,4
humbug,B2,4
humid,B1,3
humiliate,B2,4
humiliating,B2,4
humiliation,B2,4
humor/humour,B1,3
humorous,B1,3
hundred,A2,2
hunger,B1,3
hungry,A1,1
hunt,B1,3
hunt,B1,3
hunter,A2,2
hunting,B2,4
hurriedly,B1,3
hurry,A1,1
hurry,A2,2
hurt,B1,3
hurt,A1,1
husband,A1,1
hush,B2,4
hut,B1,3
hybrid,B2,4
hygiene,B2,4
hyperbole,B2,4
hyphen,B2,4
I,A1,1
ice,A1,1
ice cream,A1,1
ice hockey,B1,3
ice skating,B1,3
iceman,B2,4
icon,B2,4
icy,B2,4
ID,A2,2
ID card,A2,2
idea,A1,1
ideal,A1,1
ideally,B2,4
identical,B2,4
identification,B2,4
identify,B2,4
identity,B1,3
identity card,B1,3
ideology,B2,4
idiom,B1,3
idiot,B2,4
idle,B2,4
idol,B1,3
idolize/idolise,B2,4
if,A1,1
ignorance,B2,4
ignorant,B2,4
ignore,B1,3
ill,A2,2
illegal,A2,2
illegally,B1,3
illness,B1,3
illuminate,B1,3
illustrate,B2,4
illustration,B2,4
image,A2,2
imagery,B2,4
imaginary,B1,3
imagination,A2,2
imagine,A1,1
imitate,B1,3
imitation,B2,4
immediate,B1,3
immediately,B1,3
immerse,B2,4
immigrant,B2,4
immigrate,B1,3
immigration,B1,3
immoral,B2,4
immortal,B2,4
immortality,B2,4
impact,A2,2
impair,B1,3
impartial,B2,4
impatient,A2,2
impatiently,B2,4
imperative,B2,4
impermanent,B2,4
implement,B2,4
implement,B2,4
implication,B2,4
imply,B2,4
impolite,B2,4
impolitely,B2,4
import,B2,4
importance,A2,2
important,A1,1
importantly,A2,2
impose,B2,4
impossibility,B2,4
impossible,A2,2
impractical,B2,4
impress,A2,2
impressed,B2,4
impression,B1,3
impressionism,B2,4
impressionist,B2,4
impressive,B1,3
imprison,B2,4
imprisonment,B2,4
improbable,B2,4
improper,B1,3
improperly,B2,4
improve,A2,2
improved,B2,4
improvement,B1,3
impulse,B2,4
impulsive,B2,4
in,A2,2
in,A1,1
inaccurate,B2,4
inadequate,B2,4
inanimate,B2,4
inborn,B2,4
incense,B2,4
incentive,B2,4
inch,A2,2
inch,B2,4
incident,B1,3
include,A2,2
including,B1,3
income,B1,3
inconvenient,B1,3
incorrect,B1,3
increase,B1,3
increase,A2,2
increasingly,B1,3
incredible,B1,3
incredibly,B1,3
incur,B2,4
incurable,B2,4
indebted,B2,4
indeed,A2,2
indefinite article,B1,3
indent,B2,4
independence,A2,2
independent,B1,3
independently,B2,4
indescribable,B2,4
index,B2,4
indicate,A2,2
indifferent,B2,4
indignity,B2,4
indirect,B1,3
indirectly,B1,3
indispensable,B2,4
individual,B1,3
individual,B2,4
indoor,A2,2
indoors,B1,3
indulge,B2,4
indulgent,B2,4
industrial,B1,3
industrialize/industrialise,B2,4
industry,B1,3
ineffective,B2,4
inert,B2,4
inevitable,B1,3
inexpensive,A2,2
inexperienced,B2,4
infant,B2,4
infect,B2,4
infected,B2,4
infection,B1,3
infectious,B2,4
infer,B2,4
inference,B2,4
infinitive,B1,3
inflammation,B2,4
inflammatory,B2,4
inflate,B2,4
inflation,B2,4
influence,A2,2
influence,B2,4
influential,B2,4
influenza,B2,4
inform,B1,3
informal,B2,4
information,A1,1
informative,B1,3
infringe,B2,4
infringement,B2,4
ingredient,B1,3
inhabit,B2,4
inhabitant,B1,3
inhale,B1,3
inherit,B2,4
initial,B2,4
initial,B1,3
initially,B1,3
initiative,B2,4
inject,B1,3
injection,B2,4
injure,A2,2
injured,B2,4
injury,B1,3
ink,B1,3
innate,B2,4
inner,A2,2
innermost,B1,3
innocent,B1,3
innocently,B2,4
innovation,B2,4
innovative,B2,4
innovator,B1,3
input,B2,4
inquire/enquire,B2,4
inquiry/enquiry,B1,3
insane,B1,3
inscribe,B1,3
inscription,B1,3
insect,A2,2
inseparable,B2,4
inside,B2,4
inside,A2,2
inside,B2,4
inside,A1,1
insight,B1,3
insist,B1,3
inspect,B2,4
inspection,B1,3
inspector,B2,4
inspiration,A2,2
inspirational,B2,4
inspire,B1,3
install/instal,B1,3
instance,B1,3
instant,A2,2
instantly,B2,4
instead,A2,2
instead of,B1,3
instill/instil,B2,4
instinct,B2,4
institute,B1,3
institution,B2,4
instruct,B2,4
instruction,B1,3
instructor,B1,3
instrument,A2,2
insufficient,B2,4
insult,B2,4
insult,B2,4
insurance,B1,3
integrate,B2,4
intellectual,B2,4
intellectual,B2,4
intelligence,A2,2
intelligent,A2,2
intend,B1,3
intense,B1,3
intensive,B1,3
intent,B2,4
intention,B1,3
intentionally,B1,3
interact,B1,3
interaction,B1,3
interactive,B2,4
interest,A2,2
interest,B1,3
interested,A1,1
interesting,A1,1
interfere,B2,4
interior,B2,4
intermediate,B1,3
intermission,B1,3
internal,B1,3
international,A2,2
internationally,B1,3
Internet/internet,A1,1
interpersonal,B2,4
interpret,B2,4
interpretation,B2,4
interpreter,B2,4
interrupt,B1,3
interruption,B2,4
intersection,B2,4
interval,B1,3
interview,A1,1
interview,B1,3
interviewee,B1,3
interviewer,A1,1
intimate,B2,4
into,A1,1
intransitive,B2,4
intravenous,B2,4
introduce,A1,1
introduction,B1,3
intrude,B2,4
intruder,B2,4
intrusion,B2,4
invade,A2,2
invariable,B2,4
invariably,B2,4
invasion,B1,3
invent,A2,2
invention,A2,2
inventor,B2,4
inverted commas,B2,4
invest,B1,3
investigate,B2,4
investigation,B1,3
investigator,B2,4
investment,B2,4
investor,B2,4
invisible,B2,4
invitation,B1,3
invite,A2,2
invitingly,B2,4
invoke,B2,4
involuntarily,B1,3
involve,B1,3
involved,B1,3
involvement,B2,4
iron,B1,3
iron,B1,3
ironically,B2,4
ironing,B1,3
irrational,B2,4
irregular,B1,3
irresistible,B2,4
irresistibly,B2,4
irresponsible,B2,4
irritate,B1,3
irritated,B2,4
irritating,B2,4
irritation,B2,4
is,A1,1
island,A1,1
islander,B2,4
isle,B1,3
isolation,B1,3
issue,A2,2
issue,B2,4
IT,A2,2
it,A1,1
italicize/italicise,B2,4
itch,B2,4
item,A1,1
its,A1,1
its,A1,1
itself,A2,2
ivory,B1,3
jacket,A1,1
jade,B1,3
jail/gaol,B1,3
jam,A2,2
jam,B2,4
January,A1,1
jar,B1,3
jaw,B2,4
jazz,B1,3
jealous,B1,3
jealously,B2,4
jeans,A1,1
jelly,A2,2
jeopardize/jeopardise,B2,4
jet,A1,1
jewel,B1,3
jeweler/jeweller,B2,4
jewelry/jewellery,A1,1
job,A1,1
jog,B2,4
jog,B1,3
jogging,B1,3
join,A1,1
joint,B1,3
joint,B2,4
joke,A2,2
joke,B1,3
journal,B1,3
journalism,B2,4
journalist,B1,3
journey,A2,2
joy,A2,2
judge,B1,3
judge,A1,1
judgment/judgement,B1,3
judo,B2,4
jug,B1,3
juice,A1,1
juicy,B1,3
July,A1,1
jump,B2,4
jump,A1,1
jumper,B1,3
June,A1,1
jungle,B1,3
junior,A2,2
junk,A2,2
junk food,B2,4
juror,B2,4
jury,B2,4
just,A1,1
justice,B1,3
justify,B2,4
kangaroo,B2,4
karaoke,B2,4
keen,B2,4
keep,A1,1
keeper,B2,4
kerosene,B2,4
kettle,B1,3
key,A1,1
key,A1,1
keyboard,B1,3
keystroke,B2,4
kick,A1,1
kick,A1,1
kid,A1,1
kid,B1,3
kill,A1,1
killer,A2,2
killing,B1,3
kilo,A2,2
kilogram/kilogramme,A2,2
kilometer/kilometre,A2,2
kind,A2,2
kind,A1,1
kindly,A2,2
kindly,B1,3
kindness,B1,3
king,A1,1
kingdom,A2,2
kiss,A1,1
kiss,B1,3
kit,A2,2
kitchen,A1,1
kite,A1,1
kitten,B1,3
knee,A1,1
kneel,B2,4
knife,A1,1
knit,B1,3
knock,A2,2
knock,B1,3
knot,B2,4
know,A1,1
knowingly,B2,4
knowledge,A2,2
known,B2,4
lab,B1,3
label,B2,4
labor/labour,A2,2
laboratory,B1,3
laborer/labourer,B2,4
lack,A2,2
lack,B2,4
ladder,B1,3
lady,A1,1
lake,A2,2
lamb,B1,3
lame,B2,4
lamp,A2,2
lance,B2,4
land,B1,3
land,A2,2
landing,B2,4
landlady,B2,4
landlord,B1,3
landscape,A2,2
landslide,B2,4
lane,A2,2
language,A1,1
lap,B2,4
laptop,B2,4
large,A1,1
largely,B1,3
lark,B2,4
laser,B2,4
last,B1,3
last,A2,2
last,A2,2
last,B1,3
last minute,B2,4
last name,A1,1
lasting,B1,3
lastly,B2,4
last-minute,B2,4
late,A1,1
late,A1,1
latecomer,B1,3
lately,B1,3
later,B2,4
later,A1,1
latest,A2,2
latter,B2,4
latter,A2,2
latter,A2,2
laugh,B1,3
laugh,A1,1
laughter,B1,3
launch,B1,3
laundry,B2,4
lava,B2,4
law,A2,2
lawful,B1,3
lawmaker,B2,4
lawn,B2,4
lawsuit,B2,4
lawyer,A2,2
lay,B1,3
layabout,B2,4
layer,B1,3
laziness,A2,2
lazy,A1,1
lead,B1,3
lead,A2,2
lead,B1,3
leader,A1,1
leadership,B1,3
leading,B1,3
leaf,A1,1
leaflet,B2,4
league,B1,3
leak,B2,4
leak,B2,4
lean,B1,3
lean,B2,4
leap,B2,4
leap,B1,3
learn,A1,1
learner,A2,2
learning,B2,4
lease,B2,4
leash,B2,4
least,B1,3
least,A2,2
least,B2,4
leather,A2,2
leave,B1,3
leave,A1,1
lecture,B1,3
lecturer,B2,4
leek,B2,4
left,A1,1
left,A2,2
left,A2,2
left-hand,A2,2
leg,A1,1
legal,B1,3
legally,B1,3
legend,B2,4
legendary,B2,4
legislate,B2,4
legislation,B2,4
legislative,B2,4
legislator,B2,4
legislature,B2,4
legitimate,B2,4
leisure,A2,2
leisurely,B2,4
lemon,A2,2
lemonade,A2,2
lend,A2,2
length,B1,3
lengthen,B2,4
lengthy,B2,4
leopard,B2,4
less,A2,2
less,A2,2
less,A2,2
lessen,B1,3
lesson,A1,1
lest,B2,4
let,A1,1
letter,A1,1
lettuce,B1,3
level,B1,3
level,A2,2
level,B2,4
liar,B1,3
liberal,B2,4
liberate,B1,3
liberation,B1,3
liberty,A2,2
librarian,B1,3
library,A1,1
license/licence,A2,2
lick,B2,4
lid,B2,4
lie,B1,3
lie,A2,2
life,A1,1
lifeguard,B1,3
lifeless,B2,4
lifelong,B1,3
lifestyle,A2,2
lifetime,B2,4
lift,B1,3
lift,B1,3
light,A1,1
light,A1,1
light,B1,3
lighten,B2,4
lighter,B1,3
lighting,B2,4
lightly,B1,3
lightning,B1,3
like,B1,3
like,A1,1
like,A1,1
likely,A2,2
likeness,B1,3
likewise,B2,4
lily,A1,1
limb,B2,4
limit,B1,3
limit,B1,3
limitation,B1,3
limited,B1,3
limp,B1,3
line,A1,1
line,B2,4
linen,B2,4
liner,B2,4
ling,B2,4
linger,B2,4
link,B1,3
link,B1,3
lion,A1,1
lip,A2,2
liquid,B1,3
liquid,B1,3
list,A1,1
list,B2,4
listen,A1,1
listener,B2,4
liter/litre,A2,2
literal,B2,4
literally,B2,4
literary,B1,3
literature,B1,3
litter,B2,4
little,A1,1
little,A1,1
little,B1,3
little,B1,3
live,B1,3
live,A1,1
lively,A2,2
liver,B1,3
living,A1,1
living,B2,4
living room,A1,1
load,A2,2
load,B2,4
loaf,B1,3
loan,B2,4
lobby,B2,4
local,A2,2
locate,B1,3
location,B1,3
lock,A2,2
lock,B1,3
lodge,B1,3
log,B1,3
logic,B1,3
logical,A2,2
logo,B1,3
loneliness,B2,4
lonely,A1,1
long,A1,1
long,A2,2
long-distance,B2,4
long-term,B2,4
look,A1,1
look,A1,1
loose,A2,2
loosely,B2,4
lorry,B1,3
lose,A2,2
loss,B1,3
lost,A2,2
lot,A1,1
lot,A2,2
lot,A1,1
lottery,B1,3
loud,B1,3
loud,B1,3
loudly,A2,2
loudspeaker,B1,3
lousy,B2,4
love,A1,1
love,A1,1
lovely,A1,1
lover,A2,2
lovingly,B1,3
low,A2,2
low,A2,2
lower,B2,4
lowland,B2,4
loyal,B1,3
loyalty,B1,3
luck,A1,1
luckily,A2,2
lucky,A1,1
lucrative,B2,4
luggage,B1,3
lunch,A1,1
lunchtime,A2,2
lung,B1,3
lush,B2,4
luxurious,B2,4
luxury,B2,4
luxury,B1,3
lyric,A2,2
lyrics,B2,4
'm,A1,1
machine,A1,1
mad,A2,2
madam,B2,4
madame,B2,4
madness,B2,4
maestro,B2,4
magazine,A1,1
magic,A2,2
magic,A2,2
magical,B1,3
magician,B1,3
magnificent,B1,3
magnify,B2,4
mail,A1,1
mail,B1,3
mailbox,B1,3
main,B1,3
main course,A2,2
mainly,A2,2
maintain,B1,3
maintenance,B1,3
major,A2,2
major,B2,4
majority,B1,3
make,B2,4
make,A1,1
maker,A2,2
make-up,A2,2
malady,B2,4
malaria,B2,4
male,B1,3
male,A2,2
mall,A2,2
mama/mamma,B2,4
man,A1,1
manage,A2,2
management,B1,3
manager,A2,2
mango,B2,4
manipulate,B2,4
mankind,B1,3
manner,A2,2
mansion,B2,4
manual,B2,4
manual,B2,4
manufacture,B2,4
manufacture,B2,4
manufacturer,B2,4
manufacturing,B2,4
many,A1,1
many,A1,1
map,A1,1
maple,B1,3
marathon,B2,4
marble,B1,3
March,A1,1
march,B1,3
march,B1,3
margin,B2,4
marine,B1,3
mark,A2,2
mark,A2,2
marked,B1,3
market,A2,2
market,B1,3
marketing,B2,4
marriage,B1,3
married,A2,2
marry,A2,2
martial art,B2,4
marvelous/marvellous,A2,2
mash,B1,3
mask,B2,4
mass,B1,3
mass,B2,4
massacre,B2,4
massage,B2,4
masseur,B2,4
massive,B1,3
master,B2,4
masterpiece,B2,4
mastery,B2,4
match,A1,1
match,B1,3
mate,B2,4
material,A2,2
math/maths,A1,1
mathematical,B2,4
mathematician,B1,3
mathematics,B1,3
matter,A1,1
matter,A2,2
mature,B2,4
mausoleum,B2,4
max,A2,2
maximum,B1,3
maximum,B1,3
may,A1,1
May,A1,1
maybe,A1,1
mayor,B1,3
me,A1,1
meal,A1,1
mean,A2,2
mean,B2,4
mean,A1,1
meaning,A2,2
meaningful,B1,3
means,B2,4
meanwhile,B1,3
measure,B1,3
measure,B1,3
measurement,B1,3
meat,A1,1
mechanic,B1,3
mechanical,B1,3
mechanize/mechanise,B2,4
medal,A2,2
media,B2,4
medical,A2,2
medication,B2,4
medicine,A1,1
medieval/mediaeval,B2,4
mediocre,B2,4
meditate,B1,3
meditation,B1,3
Mediterranean,B1,3
medium,B1,3
medium,B1,3
meet,A1,1
meeting,A1,1
melody,B2,4
melon,A2,2
melt,B1,3
member,A2,2
membership,B1,3
memorable,B1,3
memorial,B2,4
memorize/memorise,B1,3
memory,A1,1
mend,B1,3
mental,B1,3
mentally,B1,3
mention,A2,2
mention,B1,3
mentor,B2,4
menu,A2,2
merchandise,B2,4
merchant,B1,3
mercy,B2,4
mere,B1,3
merely,B1,3
merge,B2,4
merger,B2,4
merry,A1,1
mess,B1,3
mess,B2,4
message,A1,1
message board,B1,3
messenger,B2,4
messy,B1,3
metal,A2,2
metaphor,B2,4
meter/metre,A2,2
method,A2,2
metric,B2,4
micro,B2,4
microbe,B2,4
microcomputer,B2,4
micrometer/micrometre,B2,4
microorganism,B2,4
microphone,B2,4
microscope,B2,4
microscopic,B2,4
microscopy,B2,4
microwave,B2,4
midday,A2,2
middle,A1,1
middle,A2,2
middle-aged,B1,3
midnight,A2,2
midst,B2,4
might,A2,2
mighty,B2,4
migration,B2,4
mild,B1,3
mile,B1,3
military,A2,2
milk,A1,1
mill,B2,4
millimeter/millimetre,B2,4
million,A2,2
millionaire,B2,4
mimic,B2,4
mind,A1,1
mind,A2,2
mine,B2,4
mine,A1,1
mineral,B1,3
mineral water,A2,2
miniature,B2,4
minimize/minimise,B1,3
minimum,B1,3
minimum,B1,3
minister,B2,4
minor,B1,3
minority,B1,3
mint,B2,4
minus,B1,3
minute,A1,1
miracle,B1,3
mirror,A2,2
mischief,B1,3
misconception,B2,4
miserable,B1,3
misery,B1,3
misfortune,B2,4
mislead,B1,3
misleading,B2,4
Miss,A1,1
miss,A1,1
missile,B2,4
missing,A2,2
mission,B1,3
mist,B2,4
mistake,A2,2
mistreat,B2,4
mistrustful,B2,4
misty,B1,3
misunderstand,B2,4
misunderstanding,B1,3
mix,B2,4
mix,A2,2
mixing bowl,B1,3
mixture,B2,4
mobile,A2,2
mobile,A1,1
mobile phone,A1,1
mobility,B2,4
mock,B2,4
modal verb/modal,B1,3
model,B1,3
model,A2,2
model,B1,3
modem,B1,3
moderate,B1,3
modern,A2,2
modernization/modernisation,B2,4
modernize/modernise,B2,4
modest,B2,4
modification,B2,4
modify,B1,3
mogul,B2,4
moisture,B1,3
mold/mould,B2,4
molecule,B1,3
mom,A1,1
moment,A1,1
momentarily,B2,4
momentary,B2,4
mommy/mommie,A1,1
monastery,B2,4
Monday,A1,1
money,A1,1
monitor,B1,3
monitor,B1,3
monk,B1,3
monkey,A1,1
monster,B1,3
month,A1,1
monthly,B1,3
monthly,B1,3
monument,B1,3
mood,A2,2
moody,B2,4
moon,A1,1
moonlight,B2,4
moonscape,B2,4
moral,B2,4
moral,B1,3
morality,B2,4
morally,B2,4
more,B1,3
more,A1,1
more,A1,1
moreover,B1,3
morning,A1,1
mortal,B2,4
mortar,B2,4
mortgage,B2,4
mortify,B2,4
mosque,A2,2
mosquito,B1,3
moss,B1,3
most,A2,2
most,A1,1
most,A2,2
mostly,A2,2
mother,A1,1
mother-in-law,B2,4
motherland,B1,3
motion,B2,4
motionless,B1,3
motivate,B1,3
motivated,B2,4
motivation,B1,3
motive,B1,3
motor,B1,3
motorbike,B2,4
motorcycle,B1,3
motorist,B2,4
motorway,A2,2
motto,B1,3
mount,B1,3
mount,B2,4
mountain,A1,1
mountaintop,B1,3
mourn,B1,3
mournful,B2,4
mouse,A1,1
mouth,A1,1
move,A1,1
move,A2,2
movement,B1,3
mover,B2,4
movie,A1,1
moving,B2,4
MP3 player,A2,2
Mr./Mr,A1,1
Mrs./Mrs,A1,1
Ms./Ms,A2,2
much,A1,1
much,A1,1
much,A1,1
mud,B1,3
muddy,B2,4
mug,A2,2
mule,B1,3
multiple,B2,4
multiply,B2,4
mum,A1,1
mumble,B2,4
mumble,B2,4
murder,A2,2
murder,B1,3
murderer,B1,3
murmur,B2,4
muscle,B1,3
muse,B2,4
museum,A2,2
mushroom,A2,2
music,A1,1
musical,A2,2
musical,B2,4
musician,A1,1
must,A1,1
mustache/moustache,B2,4
mustard,B1,3
mutability,B2,4
mutable,B2,4
mutter,B2,4
mutter,B2,4
mutton,B2,4
mutual,B1,3
my,A1,1
myself,A2,2
mysterious,A2,2
mystery,A2,2
mystify,B2,4
myth,B1,3
nail,B1,3
naked,B1,3
name,A1,1
name,B1,3
nano,B2,4
nap,B1,3
napkin,A2,2
narcissistic,B2,4
narrate,B1,3
narrative,B1,3
narrator,B2,4
narrow,B1,3
narrowly,B2,4
nasty,B1,3
nation,A2,2
national,A2,2
nationalist,B1,3
nationality,A1,1
nationwide,B2,4
nationwide,B2,4
native,A2,2
native speaker,B2,4
natural,A2,2
naturally,B1,3
nature,A2,2
naughty,B2,4
naval,B2,4
navigate,B2,4
navigation,B2,4
navy,B2,4
navy blue,B1,3
near,B1,3
near,B1,3
near,A1,1
nearby,B1,3
nearby,B1,3
nearly,A2,2
neat,B2,4
necessarily,B2,4
necessary,A2,2
necessity,B2,4
neck,A1,1
necklace,B1,3
nectar,B1,3
need,A1,1
need,B2,4
need,A2,2
needle,B1,3
needless,B2,4
needy,B2,4
negative,A2,2
negatively,B2,4
neglect,B2,4
negotiate,B1,3
negotiation,B1,3
neighbor/neighbour,A1,1
neighborhood/neighbourhood,B1,3
neighboring/neighbouring,B2,4
neither,B2,4
neither,B2,4
neither,B2,4
neither,B2,4
nephew,B1,3
nerve,B2,4
nerves,B2,4
nervous,A2,2
nervously,B2,4
nervousness,B1,3
ness,B1,3
net,A2,2
net,B1,3
netsurfer/net surfer,B2,4
network,B1,3
neurosis,B2,4
neutral,B1,3
never,A1,1
nevertheless,B1,3
new,A1,1
newborn,B1,3
newcomer,B1,3
newly,B1,3
news,A1,1
newscaster,B2,4
newspaper,A1,1
newsworthy,B2,4
next,A2,2
next,A2,2
next,B2,4
next door,B1,3
next to,A2,2
next-door,B1,3
nice,A1,1
nicely,B2,4
nickname,B1,3
niece,B1,3
night,A1,1
nightclub,B2,4
nightlife,B1,3
nightmare,B2,4
nine,A1,1
nineteen,A1,1
ninety,A1,1
no,A1,1
no,A1,1
no one,A2,2
nobility,B2,4
noble,B2,4
nobleman,B2,4
nobody,A2,2
nod,B1,3
nod,B2,4
noise,A1,1
noisily,B1,3
noisy,A2,2
nomad,B2,4
nomination,B2,4
nominee,B2,4
none,B1,3
nonetheless,B1,3
nonprofessional,B2,4
nonsense,B1,3
non-smoking,B2,4
noon,A2,2
nor,B1,3
normal,A2,2
normally,B1,3
north,A2,2
north,A2,2
north,A2,2
northeast,B1,3
northeast,B1,3
northeastern,B1,3
northern,B1,3
northward,B2,4
northwest,B1,3
northwest,B1,3
northwestern,B1,3
nose,A1,1
nostril,B2,4
not,A1,1
note,A1,1
note,A1,1
notebook,A1,1
nothing,A1,1
notice,A2,2
notice,B1,3
noticeable,B1,3
noticeboard,B1,3
notion,B1,3
notorious,B1,3
nought,B2,4
noun,A2,2
nourish,B2,4
nourishment,B2,4
novel,A2,2
novelist,B1,3
novelty,B2,4
November,A1,1
now,A1,1
now,B2,4
nowadays,A2,2
nowhere,B1,3
nuclear,B1,3
nucleus,B1,3
nuisance,B2,4
number,A1,1
numerical,B2,4
numerous,B1,3
nurse,A1,1
nurse,B1,3
nursery,B2,4
nut,B2,4
nutrient,B1,3
nutrition,B1,3
nutritious,B1,3
nutshell,B2,4
oak,A2,2
oath,B2,4
obedience,B2,4
obedient,B2,4
obey,B2,4
obituary,B2,4
object,B1,3
object,B2,4
objection,B1,3
objective,B2,4
objective,B1,3
obligation,B2,4
observation,B1,3
observe,B1,3
observer,B2,4
obsess,B2,4
obsession,B2,4
obsessive,B2,4
obstacle,B1,3
obtain,B1,3
obvious,B1,3
obviously,B1,3
occasion,B1,3
occasion,B1,3
occasional,B1,3
occasionally,B1,3
occupation,A2,2
occupy,B1,3
occur,B1,3
ocean,B1,3
o'clock,A1,1
October,A1,1
odd,B2,4
of,A1,1
off,A1,1
off,A2,2
off,B1,3
offend,B2,4
offender,B2,4
offense/offence,B2,4
offensive,B1,3
offer,A2,2
offer,A2,2
offhand,B2,4
office,A1,1
officer,A1,1
official,A2,2
official,B2,4
officially,B1,3
offshore,B2,4
often,A1,1
oil,A2,2
oily,B1,3
ointment,B2,4
OK/okay,A1,1
OK/okay,A1,1
old,A1,1
old-fashioned,B1,3
olive,B2,4
olive oil,A2,2
Olympia,B2,4
Olympiad,B2,4
Olympic,A2,2
Olympics,A1,1
omelet/omelette,A2,2
on,A2,2
on,A1,1
once,A1,1
once,B2,4
one,A1,1
one,A1,1
one,A2,2
oneself,B1,3
onion,A2,2
online,A2,2
online,A2,2
only,A1,1
only,A1,1
onstage,B1,3
onto/on to,B1,3
open,A1,1
open,A1,1
opening,B1,3
openly,B2,4
opera,A1,1
operate,A2,2
operation,B1,3
operator,B2,4
opinion,A2,2
opponent,B2,4
opportunity,A2,2
oppose,A2,2
opposite,A2,2
opposite,B1,3
opposite,B1,3
opposite,A2,2
opposition,B1,3
oppress,B1,3
oppression,B1,3
optimism,B2,4
optimist,B2,4
optimistic,B2,4
option,B1,3
optional,B2,4
or,A1,1
oral,B2,4
oral,B1,3
orange,A1,1
orange,A1,1
orator,B2,4
orbit,B1,3
orchestra,B1,3
orchestral,B2,4
orchid,B2,4
order,A1,1
order,A2,2
orderly,B1,3
ordinary,B1,3
organ,B1,3
organic,B1,3
organism,B1,3
organization/organisation,B1,3
organize/organise,A2,2
organized/organised,A2,2
organizer/organiser,B2,4
origin,B1,3
original,A2,2
original,B2,4
originality,B2,4
originally,B2,4
originate,B2,4
ornament,B2,4
orphan,A2,2
other,A1,1
other,A2,2
otherwise,B1,3
ought to,B1,3
ounce,B2,4
our,A1,1
ours,A1,1
ourselves,A2,2
out,A1,1
out of,A2,2
outback,B2,4
outbreak,B2,4
outcome,B2,4
outdistance,B2,4
outdo,B2,4
outdoor,B1,3
outdoors,B1,3
outer,B1,3
outfit,B2,4
outgrow,B2,4
outing,B2,4
outlaw,B1,3
outlet,B2,4
outline,B2,4
outline,B1,3
outlive,B2,4
outlook,B2,4
out-of-date,B1,3
outpatient,B2,4
output,B2,4
outrage,B2,4
outrageous,B2,4
outshine,B2,4
outside,B2,4
outside,A1,1
outside,B2,4
outside,A2,2
outsider,B2,4
outskirts,B2,4
outstanding,B1,3
outward,B1,3
outwardly,B2,4
outweigh,B1,3
oval,B2,4
oven,A2,2
over,A2,2
over,A1,1
overall,B2,4
overall,B2,4
overboard,B2,4
overbook,B2,4
overcoat,B2,4
overcome,B1,3
overemphasize/overemphasise,B2,4
overestimate,B2,4
overhear,B2,4
overjoyed,B1,3
overlap,B2,4
overlook,B2,4
overly,B2,4
overnight,B1,3
overnight,B1,3
overseas,B2,4
overseas,A2,2
overshadow,B2,4
oversize,B2,4
overstep,B2,4
overtake,B2,4
overthrow,B2,4
overtime,B2,4
overtime,B2,4
overturn,B2,4
overweight,A2,2
overwhelm,B1,3
overwhelming,B1,3
overwork,B1,3
ow,B2,4
owe,B1,3
owing,B1,3
owing to,B2,4
owl,B2,4
own,A1,1
own,A2,2
own,B1,3
owner,A1,1
ox,B2,4
oxygen,B1,3
ozone,B2,4
p.m./P.M./pm/PM,A1,1
pa,B2,4
pace,B1,3
pacific,A2,2
pack,A2,2
pack,A2,2
package,B1,3
packed,B2,4
packet,B2,4
packing,B1,3
pad,B2,4
paddle,B1,3
page,A1,1
paid,B1,3
pain,B1,3
painful,B1,3
paint,A1,1
paint,A1,1
paintbrush,B2,4
painter,A2,2
painting,A1,1
pair,A1,1
pajamas/pyjamas,B2,4
pal,A2,2
palace,A1,1
pale,B1,3
pallet,B2,4
palm,B1,3
pan,A2,2
pancake,B2,4
pandemic,B2,4
panel,B2,4
panic,A2,2
panic,B2,4
pants,A1,1
papaya,B2,4
paper,A1,1
paperless,B2,4
paperwork,B2,4
parachute,B1,3
parade,B2,4
paradise,B1,3
paradox,B2,4
paragraph,A1,1
paralysis,B2,4
paralyze/paralyse,B1,3
paramedic,B2,4
paratrooper,B2,4
parcel,B1,3
pardon,A1,1
pardon,B1,3
parent,A1,1
parental,B1,3
park,A1,1
park,A2,2
parking,B1,3
parliament,B2,4
parrot,B1,3
part,A2,2
part,B2,4
partial,B1,3
participant,B1,3
participate,B1,3
participation,B2,4
participle,B1,3
particle,B2,4
particular,B2,4
particularly,B1,3
partisan,B2,4
partly,A2,2
partner,A1,1
partnership,B2,4
part-time,B1,3
part-time,B1,3
party,A1,1
pass,A2,2
pass,A2,2
passage,A2,2
passenger,A2,2
passion,B1,3
passionate,B2,4
passionately,B2,4
passive,B1,3
passport,B1,3
password,B1,3
past,B1,3
past,A1,1
past,A1,1
pasta,A2,2
pastor,B2,4
pastoral,B2,4
patch,B2,4
path,A2,2
patience,B1,3
patient,B1,3
patient,A2,2
patiently,B2,4
patriot,B2,4
patriotic,B2,4
patriotism,B2,4
patrol,B1,3
patron,B2,4
pattern,B1,3
pause,B1,3
pause,B1,3
pave,B2,4
pavement,B2,4
paw,B2,4
pawnbroker,B2,4
pawnshop,B2,4
pay,A1,1
pay,A1,1
payment,B2,4
PC,A2,2
pea,A2,2
peace,A1,1
peaceful,A2,2
peacefully,B2,4
peach,B2,4
peak,B2,4
peanut,B1,3
pear,A2,2
pearl,B2,4
pebble,B2,4
peculiar,B1,3
pedal,B2,4
pedantic,B2,4
pedestrian,B2,4
pee,B2,4
peel,B2,4
peel,B2,4
peep,B2,4
peer,B2,4
peg,B2,4
pen,A1,1
penalize/penalise,B2,4
penalty,B2,4
pence,A2,2
pencil,A1,1
penetrate,B2,4
penfriend/pen friend,A2,2
penguin,B2,4
penicillin,B2,4
penniless,B1,3
penny,B1,3
pension,B2,4
pentagon,B2,4
people,A1,1
pepper,A2,2
per,B1,3
perceive,B2,4
percent/per cent,B1,3
percentage,B2,4
perception,B2,4
perfect,A2,2
perfectly,A2,2
perform,A2,2
performance,A2,2
performer,B1,3
perfume,A2,2
perhaps,A2,2
period,A1,1
permanence,B2,4
permanent,B1,3
permanently,B1,3
permeate,B2,4
permission,A2,2
permit,B1,3
perseverance,B2,4
persist,B2,4
persistence,B2,4
persistent,B2,4
person,A1,1
personal,A1,1
personality,A2,2
personally,B1,3
personification,B2,4
personify,B2,4
personnel,B2,4
perspective,B2,4
perspiration,B2,4
persuade,B1,3
persuasion,B2,4
persuasive,B1,3
pessimist,B2,4
pessimistic,B2,4
pet,A1,1
petrified,B2,4
petrol,A2,2
petrol station,A2,2
petty,B2,4
pH,B2,4
phantom,B1,3
pharmacist,B2,4
pharmacy,B1,3
phase,B2,4
phenomenon,B1,3
philosopher,B1,3
philosophical,B2,4
philosophy,B1,3
phoenix,B1,3
phone,A1,1
phone,A1,1
photo,A1,1
photocopy,B1,3
photograph,A2,2
photograph,B2,4
photographer,A2,2
photography,A2,2
phrasal verb,B1,3
phrase,B1,3
physical,A2,2
physically,A2,2
physician,B2,4
physics,B1,3
pi,B2,4
piano,A1,1
pick,B1,3
pick,A1,1
pickle,B2,4
picky,B2,4
picnic,A1,1
picture,A1,1
picture,B2,4
picturesque,B2,4
pie,B1,3
piece,A1,1
piety,B1,3
pig,A1,1
pile,A2,2
pilgrim,A2,2
pill,A2,2
pillow,B1,3
pillowcase,B2,4
pilot,A2,2
pin,B2,4
pin,B1,3
pine,B2,4
pineapple,B1,3
pink,A1,1
pink,A2,2
pint,B2,4
pipe,B1,3
piracy,B2,4
pirate,B2,4
pit,B1,3
pitch,B2,4
pitch,B2,4
pity,A2,2
pizza,A1,1
place,A1,1
place,B1,3
plague,B2,4
plain,B1,3
plan,A1,1
plan,B1,3
plane,A1,1
planet,A2,2
planning,B2,4
plant,A2,2
plant,B1,3
plastic,A2,2
plastic,B1,3
plate,A2,2
platform,B1,3
play,A1,1
play,A1,1
player,A1,1
playful,A2,2
playground,A2,2
playmate,B2,4
playwright,B2,4
plead,B2,4
pleasant,A2,2
pleasantly,B1,3
please,A1,1
please,B1,3
pleased,A2,2
pleasing,A2,2
pleasure,A1,1
plenty,A2,2
plenty,B1,3
plot,B2,4
pluck,B2,4
plug,B1,3
plug,B2,4
plum,B2,4
plumber,B2,4
plural,A2,2
plus,B1,3
plus,B2,4
plus,A2,2
pneumonia,B2,4
pocket,A1,1
pocket money,B1,3
poem,A1,1
poet,B1,3
poetry,B1,3
point,A1,1
point,A2,2
point of view,B2,4
pointless,B2,4
poison,B1,3
poison,B2,4
poisonous,B1,3
polar bear,B2,4
pole,B1,3
police,A2,2
police officer,A2,2
police station,A2,2
policeman,A2,2
policewoman,A2,2
policy,B1,3
polio,B2,4
polish,B2,4
polite,A2,2
politely,B1,3
politeness,B2,4
political,A2,2
politically,B2,4
politician,B1,3
politics,B1,3
polity,B2,4
pollutant,B1,3
pollute,A2,2
pollution,A1,1
polo,B2,4
pond,B1,3
ponder,B2,4
pool,A1,1
poor,A1,1
pop,A1,1
pop,B2,4
popcorn,B1,3
popular,A2,2
popularity,B2,4
popularize/popularise,B2,4
population,A2,2
porch,B2,4
pork,B1,3
port,B1,3
portion,B2,4
portrait,A2,2
pose,B2,4
posh,B2,4
position,A2,2
positive,B1,3
positively,B1,3
possess,B1,3
possessed,B2,4
possession,B1,3
possessive,B1,3
possibility,B1,3
possible,A2,2
possibly,A2,2
post,A1,1
post,A2,2
post office,A2,2
postal,B2,4
postcard,B1,3
poster,A1,1
postman,B1,3
postpone,B2,4
pot,B1,3
potato,A1,1
potent,B2,4
potential,B2,4
potential,B1,3
potentially,B2,4
pottery,B1,3
pound,B1,3
pound,B2,4
pour,A2,2
poverty,B1,3
powder,B1,3
powder,B2,4
power,A2,2
powerful,A2,2
powerfully,B2,4
practical,B1,3
practicality,B2,4
practically,B2,4
practice,A1,1
practice/practise,A1,1
praise,B1,3
praise,B2,4
prance,B2,4
prawn,B2,4
pray,A1,1
prayer,B1,3
precede,B2,4
precious,B1,3
precise,A2,2
precisely,B2,4
predicament,B2,4
predicate,B2,4
predicative,B2,4
predict,A2,2
predictable,B2,4
prediction,A2,2
predictive,B2,4
predictor,B2,4
prefect,B2,4
prefer,A2,2
preferable,B2,4
preferably,B2,4
preference,B1,3
prefix,B1,3
pregnant,B1,3
prehistoric,B2,4
prehuman,B2,4
preindustrial,B2,4
prejudge,B2,4
prejudice,B1,3
preliminary,B2,4
preoccupy,B2,4
preparation,B1,3
prepare,A2,2
prepared,B1,3
preposition,B1,3
preschool,B1,3
prescribe,B2,4
prescription,B1,3
presence,B1,3
present,B1,3
present,A1,1
present,B2,4
presentation,B1,3
presenter,B2,4
preservation,B1,3
preserve,B1,3
presidency,B2,4
president,B1,3
presidential,B2,4
press,B1,3
press,B1,3
pressure,A2,2
prestige,B2,4
prestigious,B2,4
presumably,B2,4
pretend,B2,4
pretend,A2,2
pretty,A1,1
pretty,A2,2
prevail,B2,4
prevent,A2,2
prevention,B2,4
preventive,B2,4
previous,B1,3
previously,B2,4
price,A1,1
price,B2,4
priceless,B2,4
prick,B2,4
pride,A2,2
priest,B1,3
primarily,B1,3
primary,B2,4
primary school,B1,3
prime,B2,4
prime minister,B2,4
primitive,B1,3
prince,A1,1
princess,A1,1
principal,A2,2
principal,B2,4
principle,B1,3
print,B1,3
print,A2,2
printer,A2,2
prior,B2,4
priority,B2,4
prison,B1,3
prisoner,B1,3
privacy,B1,3
private,A2,2
privately,B2,4
privilege,B2,4
prize,B1,3
pro,A2,2
probability,B1,3
probable,B2,4
probably,A2,2
probe,B2,4
problem,A1,1
procedure,B2,4
proceed,B1,3
process,B1,3
process,B2,4
proclaim,B1,3
procrastination,B1,3
produce,A2,2
producer,B1,3
product,A2,2
production,A2,2
productive,B1,3
profession,B1,3
professional,A2,2
professional,B2,4
professor,B1,3
profile,B2,4
profit,B2,4
profitable,B2,4
program/programme,A1,1
program/programme,B1,3
programmer,B2,4
programming,B2,4
progress,B1,3
progress,B2,4
progressive,A2,2
prohibit,B2,4
prohibition,B1,3
project,B2,4
project,B2,4
projection,B2,4
prom,B2,4
prominence,B2,4
prominent,B1,3
promise,A2,2
promise,B1,3
promote,B1,3
promotion,B1,3
prompt,B2,4
prompt,B2,4
prompt,B2,4
promptly,B2,4
pronoun,B1,3
pronounce,A2,2
pronunciation,A2,2
proof,B1,3
proper,A2,2
properly,B1,3
property,B1,3
proponent,B2,4
proportion,B1,3
proposal,B1,3
propose,B1,3
proposed,B2,4
prose,B2,4
prosecute,B2,4
prospect,B2,4
prosper,B2,4
prosperity,B1,3
prosperous,B1,3
protect,B1,3
protection,B1,3
protective,B1,3
protest,B1,3
protest,B2,4
proud,B1,3
proudly,B2,4
prove,B1,3
proven,B2,4
proverb,B1,3
provide,A2,2
provided,B1,3
province,B2,4
provision,B2,4
proximity,B2,4
psychological,B1,3
psychologically,B2,4
psychologist,A2,2
psychology,B2,4
pub,B1,3
public,B1,3
public,A2,2
public transport,B1,3
publication,B2,4
publicity,B2,4
publicize/publicise,B2,4
publicly,B1,3
publish,A2,2
publisher,B1,3
pudding,B2,4
pull,A2,2
pullover,B1,3
pulse,B2,4
pump,B1,3
pumpkin,B2,4
punch,B2,4
punch,B2,4
punctual,B2,4
punctuality,B2,4
punctuation,A2,2
punish,B1,3
punishment,B1,3
pupil,B1,3
puppy,B1,3
purchase,B2,4
purchase,B2,4
pure,B1,3
purify,B1,3
purple,A2,2
purple,A1,1
purpose,A2,2
purposeful,B2,4
purse,B1,3
pursue,A2,2
pursuit,B2,4
push,B1,3
push,A1,1
put,A1,1
puzzle,B1,3
puzzled,B2,4
quake,B1,3
qualification,B2,4
qualified,B1,3
qualify,B1,3
quality,B1,3
quality,A2,2
quantify,B2,4
quantity,B1,3
quarantine,B2,4
quarrel,B2,4
quarrel,B2,4
quarrelsome,B2,4
quarter,A1,1
queen,A2,2
queer,B2,4
query,B2,4
question,A1,1
question,B2,4
question mark,B1,3
questionnaire,B1,3
queue,B1,3
queue,B2,4
quick,A2,2
quickly,A1,1
quiet,A1,1
quiet,B2,4
quietly,A2,2
quit,B2,4
quit,A2,2
quite,A2,2
quiz,A2,2
quotable,B2,4
quotation,B2,4
quote,B2,4
quote,B2,4
rabbit,A1,1
race,B1,3
race,B1,3
racial,B1,3
racism,B2,4
racist,B2,4
rack,B2,4
racket,A2,2
radar,B2,4
radiate,B2,4
radiation,B1,3
radical,B2,4
radically,B2,4
radio,A1,1
radium,B2,4
rafter,B2,4
rag,B2,4
rage,B1,3
rail,B1,3
railroad,B1,3
railway,B1,3
rain,A1,1
rain,A1,1
rainbow,B2,4
raincoat,A2,2
rainfall,B1,3
rainforest,B1,3
rainstorm,B2,4
rainy,A1,1
raise,A2,2
rally,B2,4
ram,B2,4
ramp,B2,4
range,A2,2
range,B2,4
ranger,B2,4
rank,B1,3
rap,A2,2
rap,B1,3
rape,B2,4
rape,B2,4
rapid,B1,3
rapidly,B1,3
rare,B1,3
rarely,B1,3
rash,B2,4
raspberry,B1,3
rat,A1,1
rate,A2,2
rate,B2,4
rather,A2,2
rating,A2,2
ration,B1,3
rational,B1,3
rattle,B2,4
ravage,B2,4
raw,A2,2
ray,A2,2
razor,B1,3
're,A1,1
reach,B1,3
reach,A2,2
react,B1,3
reaction,B2,4
read,A1,1
reader,A1,1
readily,B2,4
reading,A1,1
ready,A1,1
real,A1,1
real,A1,1
real estate,B2,4
realistic,B1,3
reality,B1,3
realization/realisation,B2,4
realize/realise,A2,2
really,A1,1
rear,B2,4
rearrange,B1,3
reason,A1,1
reasonable,B1,3
reasonably,B2,4
rebel,B2,4
rebel,B2,4
rebellious,B2,4
rebuild,B1,3
recall,B1,3
receipt,A2,2
receive,A2,2
recent,A2,2
recently,A2,2
reception,B1,3
receptionist,A2,2
recession,B2,4
recipe,B2,4
recite,B1,3
reckon,B2,4
reclaim,B1,3
recognition,B2,4
recognize/recognise,B1,3
recollect,B2,4
recollection,B2,4
recommend,B1,3
recommendable,B2,4
recommendation,B2,4
reconsider,B2,4
record,B1,3
record,A2,2
recording,B1,3
recover,B1,3
recovery,B1,3
recreation,B2,4
recruit,B2,4
rectangular,B2,4
recycle,A2,2
recycled,B1,3
recycling,B1,3
red,A1,1
red,A2,2
redo,B2,4
reduce,B1,3
reduction,B1,3
redundant,B2,4
reed,B2,4
reef,B1,3
refer,A2,2
referee,B1,3
reference,B2,4
referent,B2,4
refinery,B2,4
reflect,A2,2
reflection,B1,3
reflective,B2,4
reform,B2,4
refrain,B2,4
refresh,B2,4
refreshments,B1,3
refrigerator,A2,2
refuge,B2,4
refugee,B2,4
refund,B1,3
refusal,B1,3
refuse,B1,3
refuse,B1,3
refute,B2,4
regain,B1,3
regard,B2,4
regard,B1,3
regarding,B1,3
regardless,B2,4
reggae,B2,4
regime,B2,4
region,B1,3
regional,B1,3
register,B1,3
register,B1,3
registration,B1,3
regret,B2,4
regret,A2,2
regrettably,B2,4
regular,A2,2
regularly,A2,2
regulate,B2,4
regulation,B1,3
rehearsal,B2,4
reinforce,B2,4
reinforcement,B2,4
reject,B1,3
rejection,B2,4
rejoin,B2,4
relate,B1,3
related,B2,4
relation,B1,3
relationship,B1,3
relative,B1,3
relative,B1,3
relatively,B1,3
relativity,B2,4
relax,A2,2
relaxation,B2,4
relaxed,A2,2
relaxing,B1,3
relay,B2,4
release,A2,2
release,B1,3
relevant,B2,4
reliable,B1,3
relic,B2,4
relief,B2,4
relieve,B2,4
relieved,B2,4
religion,B1,3
religious,B1,3
reluctant,B2,4
rely,B1,3
remain,A2,2
remainder,B1,3
remaining,B2,4
remains,B2,4
remark,B2,4
remark,B1,3
remarkable,B1,3
remarkably,B2,4
remedy,B1,3
remember,A1,1
remembrance,B1,3
remind,A2,2
reminder,B2,4
remote,A2,2
remote control,B1,3
remove,B1,3
renew,B1,3
rent,A2,2
rent,A2,2
rental,B2,4
reorganize/reorganise,B2,4
repaint,B2,4
repair,A2,2
repair,A2,2
repay,B1,3
repeat,A1,1
repeatedly,B1,3
repertoire,B2,4
repetition,B2,4
replace,A2,2
replacement,B2,4
replica,B2,4
reply,A2,2
reply,B1,3
report,A2,2
report,B1,3
reporter,A1,1
represent,A2,2
representative,B1,3
repress,B2,4
repression,B2,4
reprint,B2,4
reproduce,B1,3
reprove,B2,4
republic,B1,3
reputation,B1,3
request,A2,2
request,B1,3
require,B1,3
requirement,B1,3
rescue,B1,3
rescue,B1,3
research,A2,2
research,B2,4
researcher,B1,3
resemble,B1,3
reservation,B1,3
reserve,B1,3
reserve,B1,3
residence,B2,4
resident,B1,3
resident,B2,4
residential,B1,3
resign,B2,4
resignation,B2,4
resist,B1,3
resistance,B2,4
resolution,B2,4
resolve,B1,3
resonant,B2,4
resort,B1,3
resource,B1,3
respect,B1,3
respect,B1,3
respectable,B1,3
respectably,B2,4
respected,B2,4
respiration,B2,4
respiratory,B2,4
respond,B1,3
response,A2,2
responsibility,B1,3
responsible,B1,3
rest,B1,3
rest,B1,3
restaurant,A1,1
restore,B1,3
restrict,B1,3
restriction,B2,4
result,A1,1
result,B1,3
resume,B2,4
retail,B1,3
retailer,B2,4
retain,B1,3
retard,B2,4
retell,B1,3
retina,B2,4
retire,A2,2
retired,A2,2
retirement,B2,4
retreat,B2,4
retreat,B2,4
retrieve,B2,4
retrospect,B1,3
return,A2,2
return,A2,2
reunification,B1,3
reunify,B1,3
reunion,A2,2
reveal,A2,2
revelation,B2,4
revenge,B2,4
revenue,B2,4
reverence,B2,4
reverse,B2,4
review,A1,1
review,B2,4
revise,B1,3
revision,B1,3
revival,B2,4
revive,B2,4
revolution,B2,4
revolutionary,B2,4
revolutionize/revolutionise,B2,4
revolve,B2,4
reward,B1,3
reward,B2,4
rewrite,B1,3
rhinoceros,B2,4
rhyme,B2,4
rhythm,A2,2
rhythmic,B2,4
rib,B2,4
ribbon,A1,1
rice,A1,1
rich,A1,1
rid,B1,3
riddle,B2,4
riddle,B1,3
ride,A1,1
ride,A1,1
rider,B2,4
ridge,B2,4
ridiculous,B1,3
right,A1,1
right,A1,1
right,A2,2
righteousness,B2,4
right-hand,A2,2
rightly,B2,4
rim,B2,4
ring,A2,2
ring,A1,1
rip,B2,4
ripe,B1,3
rise,B1,3
rise,B1,3
risk,B1,3
risk,B2,4
risky,B2,4
rite,B2,4
ritual,B2,4
rival,B2,4
river,A1,1
road,A2,2
roadside,B1,3
roam,B2,4
roar,B2,4
roast,B2,4
roast,A2,2
rob,A2,2
robbery,A2,2
robin,A2,2
robot,B1,3
rock,A2,2
rock,B2,4
rocket,B2,4
rocky,B2,4
role,A1,1
roll,A2,2
roll,B2,4
rolling,B1,3
romance,A2,2
romantic,A2,2
roof,A2,2
room,A1,1
room,B1,3
roommate,B2,4
root,A2,2
rope,A2,2
rose,A1,1
rosy,B2,4
rotten,B1,3
rough,B1,3
roughly,A2,2
round,B1,3
round,A2,2
round,B1,3
round,B2,4
round,B2,4
roundabout,A2,2
route,B2,4
routine,B1,3
row,A1,1
row,B2,4
royal,A2,2
royalty,B2,4
rub,B2,4
rubber,B1,3
rubbish,B1,3
rubble,B2,4
rude,A1,1
rudely,B1,3
rug,B2,4
rugby,A2,2
ruin,B1,3
ruin,A2,2
ruinous,B2,4
rule,A1,1
rule,B2,4
ruler,A1,1
rumor/rumour,A2,2
run,A1,1
run,A1,1
runaway,B1,3
runner,A2,2
running,A2,2
runway,B1,3
rural,B2,4
rush,A2,2
rush,B1,3
rush hour,B2,4
rusty,B2,4
's,A1,1
sack,B2,4
sacred,B1,3
sad,A1,1
sadly,A2,2
sadness,B1,3
safari,B1,3
safe,A2,2
safeguard,B1,3
safeguard,B2,4
safely,B1,3
safety,B1,3
sag,B2,4
sage,B2,4
sail,B2,4
sailing,A2,2
sailor,A1,1
sake,A2,2
salad,A1,1
salary,B2,4
sale,A1,1
salesman,B1,3
salesmanship,B2,4
salesperson,B2,4
saleswoman,B2,4
salmon,B1,3
salon,B2,4
salsa,B2,4
salt,A2,2
salty,B2,4
same,A1,1
same,A1,1
same,A1,1
sample,A2,2
sand,B1,3
sandal,B1,3
sandstone,B2,4
sandwich,A1,1
sandy,A2,2
sanitary,B2,4
sanitation,B2,4
satellite,B1,3
satisfaction,B1,3
satisfactory,B2,4
satisfied,B1,3
satisfy,A2,2
Saturday,A1,1
sauce,A2,2
saucepan,B1,3
saucer,B1,3
sausage,A2,2
save,A1,1
saving/savings,B2,4
saw,A1,1
saw,B2,4
say,B2,4
say,A1,1
scale,A2,2
scan,B1,3
scan,B2,4
scandal,B2,4
scar,B2,4
scarcely,B2,4
scare,B1,3
scared,B1,3
scarf,A2,2
scarlet,B2,4
scary,B1,3
scatter,B1,3
scene,A2,2
scenery,A2,2
scenic,B1,3
scent,B2,4
schedule,A2,2
schedule,B2,4
scheduled,B2,4
scheme,B2,4
scholar,B1,3
scholarship,B1,3
scholasticism,B2,4
school,A1,1
schoolchild,A2,2
schoolgirl,B2,4
schoolmate,B1,3
schoolteacher,B1,3
schoolwork,A2,2
science,A1,1
science fiction,B1,3
scientific,A2,2
scientifically,B2,4
scientist,A1,1
scissors,A2,2
scold,B1,3
scooter,B2,4
scope,B1,3
score,B1,3
score,B1,3
scramble,B2,4
scratch,B1,3
scratch,B2,4
scream,A2,2
scream,B1,3
screen,A2,2
screen,B2,4
screw,A2,2
screw,B2,4
scribble,B2,4
script,A2,2
scrooge,B2,4
scuba,B2,4
sculpture,B1,3
scythe,B2,4
sea,A1,1
seafood,A2,2
seal,B2,4
search,A2,2
search,B1,3
seaside,A2,2
season,B1,3
seasonal,B2,4
seat,A1,1
seawater,B1,3
seaweed,B1,3
second,A1,1
second,B1,3
second,A2,2
second,A2,2
second person,B2,4
secondary,B2,4
secondary school,B1,3
second-hand,B1,3
second-hand,B1,3
secondly,B2,4
secret,B1,3
secret,A2,2
secretary,A2,2
secretly,B1,3
section,A1,1
sector,B2,4
secure,B1,3
security,B1,3
see,A1,1
seed,A2,2
seek,A2,2
seem,A2,2
seesaw,B2,4
segment,B2,4
seize,B1,3
seldom,B2,4
select,B1,3
select,B2,4
selection,B1,3
self,A1,1
self-confidence,B2,4
self-confident,B2,4
selfish,B1,3
selfless,B2,4
self-service,B1,3
sell,A1,1
seller,B2,4
semester,A2,2
semicolon,B2,4
semi-final,B2,4
seminar,B2,4
senator,B2,4
send,A2,2
senior,A2,2
senior,A2,2
sensation,B1,3
sense,A2,2
sense,B2,4
sensible,B2,4
sensitive,B2,4
sentence,A1,1
sentence,B2,4
separate,A2,2
separate,B2,4
separately,B2,4
separation,B1,3
September,A1,1
sequence,B1,3
serene,B2,4
serial,B2,4
series,B1,3
serious,B1,3
seriously,A2,2
servant,B2,4
serve,A2,2
server,B1,3
service,B1,3
service,B1,3
session,B1,3
set,A2,2
set,A1,1
setback,B2,4
setting,B1,3
settle,B1,3
settlement,B1,3
settler,B1,3
seven,A1,1
seventeen,A1,1
seventy,A1,1
several,A2,2
several,A2,2
severe,B1,3
severely,B1,3
sew,A2,2
sex,B1,3
sexism,B2,4
sexual,B2,4
sexy,B2,4
shabby,B2,4
shade,A2,2
shadow,A2,2
shadow,B1,3
shadowy,B1,3
shake,A1,1
shake,B1,3
shaken,B2,4
Shakespearean,B2,4
shaky,B2,4
shall,A2,2
shallow,B1,3
shame,B1,3
shameful,B1,3
shampoo,A2,2
shape,A2,2
shape,B1,3
share,A2,2
share,A1,1
sharp,B1,3
sharp,B2,4
sharply,B2,4
shatter,B2,4
shave,B1,3
she,A1,1
shed,B2,4
sheep,A1,1
sheer,B1,3
sheet,B1,3
shelf,A1,1
shell,A2,2
shell,B2,4
shelter,B1,3
sheriff,B1,3
shield,B2,4
shift,B2,4
shift,B1,3
shine,A2,2
shiny,B1,3
ship,A1,1
ship,B1,3
shipping,B2,4
shipwreck,B2,4
shirt,A1,1
shiver,B1,3
shock,A2,2
shock,B2,4
shocked,B1,3
shocking,B1,3
shoe,A1,1
shoot,A2,2
shooting,B2,4
shop,A1,1
shop,B1,3
shop assistant,A2,2
shopkeeper,B2,4
shoplift,B2,4
shoplifter,B2,4
shoplifting,B2,4
shopper,B1,3
shopping,A1,1
shore,A2,2
short,A1,1
short,A1,1
short/shorts,A2,2
shortage,B1,3
shortly,B1,3
shortness,B2,4
short-term,B2,4
shot,A2,2
should,A1,1
shoulder,A1,1
shout,A2,2
shout,B1,3
show,A2,2
show,A1,1
showbiz,B2,4
showcase,B2,4
shower,A1,1
shower,B2,4
shrimp,B1,3
shrink,B2,4
shrink,B2,4
shrug,B2,4
shut,B1,3
shut,A2,2
shy,A1,1
sick,A1,1
sickness,B1,3
side,A1,1
sidewalk,B1,3
sigh,B1,3
sigh,B2,4
sight,A1,1
sightseeing,A2,2
sign,A1,1
sign,B1,3
signal,B1,3
signature,B1,3
significance,B1,3
significant,A2,2
significantly,B2,4
signify,B2,4
signpost,B1,3
silence,A2,2
silent,B1,3
silently,A2,2
silk,B1,3
silly,A2,2
silver,A2,2
silver,A2,2
silverware,B2,4
similar,A2,2
similarity,B1,3
similarly,B1,3
simple,A2,2
simplification,B2,4
simplify,B1,3
simply,A2,2
simultaneous,B2,4
simultaneously,B1,3
since,B2,4
since,B1,3
since,A2,2
sincere,B2,4
sincerity,B2,4
sing,A1,1
singer,A1,1
singing,A2,2
single,A2,2
single,B1,3
singular,A2,2
singular,A2,2
sink,A2,2
sink,B1,3
sir,A1,1
sister,A1,1
sister-in-law,B2,4
sit,A1,1
site,A1,1
sitting room,A2,2
situation,A2,2
six,A1,1
sixteen,A1,1
sixty,A1,1
size,A1,1
skate,A2,2
skate,B1,3
skateboard,B2,4
skateboarder,B2,4
skateboarding,A2,2
skating,A2,2
skeleton,B1,3
sketch,B2,4
ski,A2,2
ski,B1,3
skiing,A2,2
skill,A1,1
skilled,B2,4
skillful/skilful,B2,4
skillfully/skilfully,B2,4
skim,B2,4
skin,B1,3
skip,B2,4
skirt,A1,1
sky,A1,1
skylark,B2,4
skyscraper,B1,3
skyward,B2,4
slam,B2,4
slang,B2,4
slap,B2,4
slap,B2,4
slash,B2,4
slaughter,B2,4
slave,A2,2
slavery,B1,3
sleep,B1,3
sleep,A1,1
sleepless,A2,2
sleepy,A2,2
sleeve,B1,3
slice,A2,2
slice,B2,4
slide,A2,2
slide,B2,4
slight,B2,4
slight,B1,3
slightly,B1,3
slim,A2,2
slip,B1,3
slip,B1,3
sliver,B2,4
slogan,B1,3
slope,B1,3
sloppy,B2,4
slot,B1,3
slow,A1,1
slow,B1,3
slow,B1,3
slowly,A2,2
small,A1,1
smart,A1,1
smash,B2,4
smell,A1,1
smell,B1,3
smile,A1,1
smile,B1,3
smith,A1,1
smoke,A1,1
smoke,A2,2
smoker,B1,3
smokestack,B2,4
smoking,A1,1
smooth,A2,2
smoothly,A2,2
snack,A2,2
snake,A1,1
snap,B2,4
sneak,B2,4
sneer,B2,4
sneeze,B1,3
sneeze,B2,4
sniff,B2,4
snore,B2,4
snore,B2,4
snow,A1,1
snow,A2,2
snowball,B2,4
snowboard,B1,3
snowboarding,A2,2
snowstorm,B1,3
snowy,A1,1
so,A2,2
so,A1,1
soak,B2,4
soak,B2,4
soaked,B2,4
soaking,B2,4
soap,A2,2
soap opera,B1,3
soar,B2,4
sob,B2,4
so-called,B2,4
soccer,A1,1
sociable,B2,4
social,A1,1
social networking,B1,3
socialize/socialise,B2,4
socially,B1,3
society,A2,2
sock,A2,2
soda,A2,2
sofa,A1,1
soft,A2,2
soft drink,A2,2
softly,A2,2
softness,B2,4
software,A2,2
soil,B2,4
soil,B1,3
solar,B2,4
soldier,A2,2
solid,B1,3
solidity,B2,4
soliloquy,B2,4
solo,B2,4
solo,B2,4
solo,B2,4
solution,A2,2
solve,A1,1
solvent,B2,4
some,A1,1
some,A1,1
somebody,A2,2
someday,A2,2
somehow,B1,3
someone,A1,1
someplace,B1,3
something,A1,1
sometime,B1,3
sometimes,B1,3
somewhat,B2,4
somewhere,A2,2
son,A1,1
song,A1,1
son-in-law,B2,4
sonnet,B2,4
soon,A1,1
soothe,B1,3
sophisticated,B2,4
sophomore,B1,3
sore,B1,3
sorrow,B1,3
sorry,A1,1
sort,B1,3
sort,B2,4
soul,B1,3
sound,B2,4
sound,A2,2
sound,A2,2
soundtrack,B2,4
soup,A1,1
sour,B1,3
source,A2,2
south,A2,2
south,A2,2
south,A2,2
southeast,B1,3
southeast,B1,3
southern,B1,3
southward,B2,4
southwest,B1,3
southwest,B1,3
souvenir,B1,3
Soviet,B2,4
soybean,B2,4
spa,B2,4
space,A2,2
spaceship,A2,2
spaghetti,A2,2
span,B2,4
spare,B2,4
spare,B2,4
sparerib,B2,4
spark,B2,4
sparkle,B1,3
sparkling,B2,4
sparrow,B2,4
speak,A1,1
speaker,A2,2
special,A1,1
specialist,B1,3
specialize/specialise,B1,3
specially,B1,3
specialty,B2,4
species,B2,4
specific,A2,2
specifically,B2,4
specify,B2,4
spectacle,B2,4
spectacular,B1,3
spectator,B1,3
speech,A1,1
speed,A2,2
speed,B1,3
speeder,B2,4
spell,A1,1
spell,A2,2
spellbound,B2,4
spelling,B1,3
spend,A1,1
sphere,B1,3
spice,B1,3
spicy,B1,3
spider,B1,3
spill,A2,2
spin,B2,4
spinach,B1,3
spiral,B1,3
spirit,B1,3
spiritual,B1,3
spite,B2,4
splash,B2,4
splash,A2,2
splatter,B2,4
split,A2,2
split,B1,3
split,B2,4
spoil,B1,3
spokesman,B2,4
spokeswoman,B2,4
sponge,B1,3
sponsor,B1,3
sponsor,B2,4
spoon,A2,2
sport,A1,1
sports,B1,3
sports center/sports centre,A2,2
sportsmanship,B1,3
spot,A1,1
spot,B2,4
spray,B2,4
spray,B2,4
spread,A2,2
spread,B2,4
spreadsheet,B2,4
spring,A1,1
sprint,B2,4
spur,B2,4
spy,A1,1
squad,B2,4
square,A2,2
square,A2,2
squash,B2,4
squash,B2,4
squeeze,B2,4
stab,B2,4
stability,B2,4
stable,B1,3
stack,B2,4
stadium,A2,2
staff,A2,2
stage,A1,1
stagger,B2,4
stain,B2,4
stain,B2,4
stair,A2,2
stake,B2,4
stall,B1,3
stammer,B2,4
stamp,A2,2
stamp,B2,4
stand,A1,1
stand,A2,2
standard,B2,4
standard,B1,3
standby,B2,4
standstill,B2,4
stanza,B2,4
star,A1,1
star,B1,3
stare,B1,3
start,A1,1
start,A1,1
startle,B2,4
starvation,B2,4
starve,B2,4
starving,B2,4
state,B2,4
state,A2,2
state,B2,4
statement,A2,2
statesman,B2,4
statewide,B2,4
station,A1,1
statistics,B2,4
statue,A2,2
status,B1,3
stay,B1,3
stay,A1,1
steadily,B1,3
steady,B1,3
steak,A2,2
steal,A2,2
steam,B1,3
steel,B1,3
steely,B2,4
steep,B1,3
steer,B2,4
steering wheel,B2,4
stem,B1,3
step,A2,2
step,A1,1
stepfather,B2,4
stepmother,B2,4
stereotype,B2,4
stern,B2,4
stew,B2,4
stick,B2,4
stick,B1,3
sticker,B1,3
sticky,B1,3
stiff,B2,4
still,A1,1
still,A2,2
stimulant,B2,4
stimulate,B2,4
stimulation,B2,4
stingy,B2,4
stink,B2,4
stir,B1,3
stitch,B2,4
stock,B2,4
stock market,B2,4
stockpile,B2,4
stomach,A2,2
stomachache,A2,2
stone,A1,1
stonework,B2,4
stool,B2,4
stop,A1,1
stop,A1,1
stopover,B2,4
stopwatch,B2,4
storage,B1,3
store,A1,1
store,B2,4
storm,A2,2
stormy,B1,3
story,A1,1
storyteller,B1,3
stove,A2,2
straight,A2,2
straight,A1,1
straighten,B2,4
straightforward,B2,4
strain,B1,3
strain,B2,4
strait,B2,4
strand,B2,4
strange,A1,1
strangely,B1,3
stranger,A2,2
strangle,B2,4
strategic,B1,3
strategy,A2,2
straw,B1,3
strawberry,B1,3
stream,B1,3
stream,B1,3
street,A1,1
strength,A2,2
strengthen,B1,3
stress,B1,3
stress,B2,4
stressed,B1,3
stressful,B1,3
stretch,B1,3
stricken,B1,3
strict,A1,1
strictly,B2,4
stride,B2,4
strike,A2,2
strike,B1,3
striking,B2,4
string,A2,2
strip,B1,3
strip,B2,4
stripe,B1,3
strive,B2,4
stroke,B2,4
stroke,B2,4
strong,A1,1
strongly,A2,2
structure,A2,2
struggle,B1,3
struggle,B2,4
stubborn,B1,3
stubbornly,B2,4
stuck,B1,3
student,A1,1
studio,B1,3
study,A2,2
study,A1,1
stuff,A2,2
stuff,B2,4
stuffed,B1,3
stumble,B1,3
stun,B1,3
stunning,B1,3
stupid,B1,3
style,A2,2
stylish,B1,3
stylist,B2,4
subconscious,B1,3
subcontinent,B2,4
subculture,B2,4
subdivision,B2,4
subject,A1,1
subjunctive,B2,4
submarine,B1,3
submit,B2,4
subplot,B2,4
subside,B2,4
substance,B2,4
substantial,B1,3
substitute,B1,3
substitute,B2,4
subtitle,B2,4
subtle,B2,4
subtract,B2,4
suburb,B2,4
subway,A1,1
succeed,A2,2
success,A2,2
successful,A1,1
successfully,A2,2
successive,B2,4
such,A2,2
such,A2,2
suck,B2,4
sudden,A2,2
suddenly,B1,3
sue,B2,4
suffer,B1,3
suffering,B2,4
sufficient,B1,3
sufficiently,B2,4
suffix,B1,3
sugar,A1,1
suggest,A2,2
suggestion,A1,1
suicide,B1,3
suit,A2,2
suit,A2,2
suitable,A2,2
suitably,B2,4
suitcase,A2,2
sulfur/sulphur,B2,4
sum,A1,1
summarize/summarise,B1,3
summary,A2,2
summer,A1,1
summit,B1,3
sun,A1,1
sunbathe,B1,3
sunbeam,B2,4
Sunday,A1,1
sundial,B1,3
sunflower,A2,2
sunglasses,A2,2
sunlight,A2,2
sunny,A1,1
sunrise,B1,3
sunset,B1,3
sunshine,A1,1
super,A1,1
superb,B2,4
superintendent,B2,4
superior,B1,3
superlative,A2,2
supermarket,A1,1
supernatural,B2,4
superstar,A2,2
superstition,B1,3
supervise,B2,4
supervision,B2,4
supervisor,B2,4
supper,A2,2
supplement,B2,4
supplier,B2,4
supply,B1,3
supply,B2,4
support,A2,2
support,B1,3
supporter,B1,3
supportive,B1,3
suppose,B1,3
supposedly,B1,3
suppress,B2,4
sure,A1,1
sure,A2,2
surely,B1,3
surf,A1,1
surf,A2,2
surface,B1,3
surfing,A2,2
surge,B2,4
surgeon,B1,3
surgery,B1,3
surname,A2,2
surprise,A1,1
surprise,B1,3
surprised,A2,2
surprising,A2,2
surprisingly,B1,3
surrender,B2,4
surround,B1,3
surrounding,B1,3
surroundings,B2,4
surveillance,B2,4
survey,A1,1
survival,B1,3
survive,A2,2
survivor,B1,3
suspect,B1,3
suspect,B2,4
suspend,B2,4
suspicion,B1,3
suspicious,B2,4
suspiciously,B2,4
sustain,B2,4
swallow,A2,2
swan,B2,4
swarm,B1,3
swear,B1,3
sweat,B1,3
sweat,A2,2
sweater,A2,2
sweatshirt,B1,3
sweep,B2,4
sweet,A1,1
sweet,A2,2
sweetheart,A2,2
swell,B1,3
swift,B2,4
swim,A1,1
swim,A1,1
swimmer,B1,3
swimming,A1,1
swimming costume,A2,2
swimming pool,A1,1
swimsuit,A2,2
swing,B2,4
swing,B2,4
switch,B1,3
switch,B1,3
swollen,B1,3
sword,B1,3
syllable,B2,4
symbol,A2,2
symbolic,B2,4
sympathetic,B2,4
sympathize/sympathise,B2,4
sympathy,B1,3
symphony,A2,2
symptom,B1,3
syndrome,B1,3
synonym,B2,4
system,A2,2
systematic,B1,3
table,A1,1
table tennis,A2,2
tablecloth,B2,4
tablespoon,A2,2
tablet,B1,3
tabloid,B2,4
tabloid,B2,4
tack,B2,4
tackle,B2,4
tactile,B2,4
tag,B2,4
tail,B2,4
take,B1,3
take,A1,1
takeaway,B1,3
takeoff/take-off,B1,3
tale,B1,3
talent,A2,2
talented,B1,3
talk,B1,3
talk,A1,1
talkative,B1,3
tall,A1,1
tame,B2,4
tan,B2,4
tank,B1,3
tanned,B2,4
tap,A2,2
tap,B2,4
tape,A2,2
tape,B1,3
target,A2,2
task,A2,2
taste,B1,3
taste,B1,3
tasteless,B1,3
tasty,B1,3
tatter,B2,4
tattoo,B2,4
taunt,B2,4
tax,B1,3
taxi,A1,1
tea,A1,1
teach,A1,1
teacher,A1,1
teaching,B1,3
team,A1,1
teammate,B1,3
teamwork,B1,3
tear,A2,2
tear,B1,3
tease,B1,3
tease,B2,4
teaspoon,B2,4
technical,B2,4
technically,B2,4
technique,B1,3
technological,B1,3
technology,A1,1
teen,B1,3
teenage,A2,2
teenager,A2,2
telecommunications,B1,3
telegram,B1,3
telephone,A1,1
telephone,A2,2
telescope,B2,4
television,A1,1
tell,A1,1
teller,B1,3
temper,B1,3
temperate,B2,4
temperature,A2,2
temple,A1,1
temporarily,B2,4
temporary,B1,3
tempt,B1,3
temptation,B2,4
ten,A1,1
tend,B1,3
tendency,B1,3
tender,B2,4
tenderly,B2,4
tenderness,B2,4
tennis,A1,1
tense,B1,3
tense,B1,3
tension,B1,3
tent,B1,3
term,B1,3
terminal,B1,3
terrace,B2,4
terrible,A1,1
terribly,B1,3
terrific,B1,3
terrified,B1,3
terrify,A2,2
terrifying,B2,4
territory,B2,4
terror,B1,3
terrorism,B1,3
terrorist,A2,2
terrorist,B1,3
test,A1,1
test,B2,4
testify,B2,4
testimony,B2,4
text,A2,2
text,A2,2
text message,A2,2
textbook,A2,2
than,A1,1
than,A1,1
thank,A1,1
thankful,B1,3
thanks,A1,1
that,B2,4
that,A1,1
that,A1,1
that,A1,1
the,A1,1
theater/theatre,A1,1
theft,B1,3
their,A1,1
theirs,A2,2
them,A1,1
theme,B2,4
themselves,A2,2
then,A1,1
theorist,B2,4
theory,B1,3
therapist,B2,4
therapy,B2,4
there,A1,1
thereafter,B2,4
therefore,A2,2
thermometer,B2,4
these,A1,1
these,A1,1
thesis,B2,4
they,A1,1
thick,A1,1
thickly,B2,4
thickness,B2,4
thief,A2,2
thigh,B2,4
thin,A1,1
thing,A1,1
think,A1,1
thinker,B2,4
third,A2,2
third person,B2,4
thirdly,B2,4
thirst,B2,4
thirst,B1,3
thirsty,A2,2
thirteen,A1,1
thirty,A1,1
this,A1,1
this,A1,1
thorough,B1,3
thoroughly,B2,4
those,A1,1
those,A1,1
though,B2,4
though,A2,2
thought,A2,2
thoughtful,B2,4
thoughtless,B2,4
thousand,A2,2
thread,B2,4
threat,B1,3
threaten,B2,4
threatening,B1,3
three,A1,1
thrill,B2,4
thrilled,B2,4
thriller,B1,3
thrilling,B2,4
throat,B2,4
through,B1,3
through,A1,1
throughout,B1,3
throw,A1,1
throw,A2,2
thumb,B1,3
thump,B1,3
thunder,B1,3
thunderous,B1,3
thunderstorm,A2,2
Thursday,A1,1
thus,B1,3
tick,B1,3
tick,B1,3
ticket,A1,1
tickle,B2,4
tide,B1,3
tidy,A2,2
tidy,A2,2
tie,A2,2
tie,B1,3
tiger,A1,1
tight,A1,1
tight,B2,4
tighten,B1,3
tightly,B1,3
tightrope,B2,4
tights,A2,2
tile,B1,3
till,B1,3
till,A2,2
time,A1,1
time,B2,4
timeless,B2,4
timeliness,B2,4
timely,B1,3
times,B2,4
timetable,A2,2
timing,B2,4
tin,B1,3
tiny,B1,3
tip,A2,2
tip,B2,4
tiptoe,B2,4
tire,B1,3
tired,A1,1
tiredness,B2,4
tiresome,B2,4
tiring,B1,3
tissue,B1,3
title,A2,2
to,A1,1
to,A1,1
toast,A2,2
tobacco,B1,3
today,A1,1
today,A1,1
toe,A2,2
toenail,B2,4
together,A1,1
toil,B2,4
toilet,A1,1
tolerant,B2,4
tolerate,B2,4
toll,B2,4
tomato,A1,1
tomb,B2,4
tomorrow,A1,1
tomorrow,A1,1
ton,B2,4
tone,A2,2
tongue,B1,3
tonight,A1,1
tonight,A2,2
too,A1,1
tool,A1,1
tooth,A1,1
toothache,A2,2
toothbrush,A2,2
toothpaste,B1,3
top,B1,3
top,A1,1
topic,A1,1
torch,B2,4
tornado,B1,3
tortoiseshell,B2,4
torture,B2,4
toss,B1,3
total,B1,3
total,B1,3
totally,B1,3
touch,A1,1
touch,B1,3
tough,B2,4
tour,A2,2
tour,B1,3
tour guide,A2,2
tourism,B1,3
tourist,A2,2
tournament,B1,3
toward/towards,A2,2
towel,A1,1
tower,A1,1
town,A1,1
toxic,B2,4
toy,A1,1
trace,B1,3
trace,B2,4
track,A2,2
track,B2,4
tracksuit,B1,3
trade,A2,2
trade,B2,4
trader,B2,4
tradition,A2,2
traditional,A2,2
traditionally,B1,3
traffic,A2,2
traffic jam,B1,3
traffic light,A2,2
tragedy,B1,3
tragic,B1,3
trail,B1,3
trail,B2,4
trailer,B2,4
train,A1,1
train,A2,2
trainee,B2,4
trainer,B2,4
training,A2,2
trait,B2,4
traitor,B2,4
tram,A2,2
tramp,B2,4
trample,B2,4
transcript,B2,4
transfer,B2,4
transfer,B1,3
transform,B1,3
transformation,B1,3
transfusion,B2,4
transient,B2,4
transistor,B2,4
transition,B2,4
transitional,B1,3
transitive,B2,4
translate,B1,3
translation,B2,4
translator,B2,4
transmission,B2,4
transmit,B2,4
transparent,B2,4
transport,B1,3
transport,B2,4
transportation,B1,3
trap,A2,2
trash,B1,3
travel,A2,2
travel,A1,1
travel agent,B1,3
traveler/traveller,A2,2
traverse,B2,4
tray,B2,4
tread,B2,4
treasure,A2,2
treat,B1,3
treat,B2,4
treatment,B1,3
treaty,B2,4
tree,A1,1
trek,B2,4
tremble,B1,3
tremendous,B1,3
tremendously,B2,4
tremor,B2,4
trend,B1,3
trial,B2,4
triangle,B2,4
tribe,B2,4
trick,A2,2
trick,B2,4
tricky,B2,4
trigger,B1,3
trim,B1,3
trio,B2,4
trip,A1,1
trip,B2,4
triumph,B1,3
trivial,B2,4
trolley,B2,4
troop,B2,4
trophy,B2,4
tropic,B2,4
tropical,B1,3
trouble,A2,2
trouble,B1,3
troublesome,B2,4
trousers,A1,1
truck,A1,1
true,A1,1
truly,A2,2
trumpet,B1,3
trunk,B2,4
trust,B2,4
trust,A2,2
trustworthy,B1,3
trusty,B2,4
truth,A2,2
truthful,B2,4
truthfulness,B2,4
try,A1,1
try,A2,2
T-shirt/tee-shirt,A1,1
tub,B2,4
tube,A1,1
tuberculosis,B2,4
Tuesday,A1,1
tug,B2,4
tuition,B2,4
tulip,B2,4
tumble,B1,3
tumor/tumour,B2,4
tuna,B1,3
tune,A2,2
tunnel,B2,4
turbulence,B1,3
turbulent,B2,4
turkey,A1,1
turn,A1,1
turn,A1,1
turning,B1,3
turtle,B1,3
tutor,B2,4
TV,A1,1
twelve,A1,1
twenty,A1,1
twice,A2,2
twin,B1,3
twinkle,B2,4
twist,B1,3
twist,B1,3
twisted,B2,4
two,A1,1
type,A1,1
type,B1,3
typhoid,B2,4
typical,B1,3
typically,B1,3
tyranny,B2,4
tyrant,B2,4
ugly,A1,1
ultimate,B2,4
ultimately,B2,4
umbrella,A1,1
unable,B1,3
unacceptable,B2,4
unafraid,B1,3
unashamedly,B2,4
unattractive,B2,4
unauthorized/unauthorised,B2,4
unavailable,B2,4
unaware,B2,4
unbearable,B2,4
unbeatable,B2,4
unbelievable,B1,3
uncertain,A2,2
uncertainty,B1,3
unchanged,B2,4
uncharacteristic,B2,4
uncle,A1,1
unclear,B1,3
unclearly,B2,4
uncomfortable,A2,2
uncomfortably,B2,4
uncommon,B2,4
unconcerned,B2,4
unconscious,B2,4
uncontrollable,B1,3
uncover,B1,3
under,A1,1
underage,B1,3
underestimate,B2,4
undergo,B1,3
undergraduate,B2,4
underground,B2,4
underground,B2,4
underline,A1,1
underline,B1,3
underneath,B2,4
underneath,B1,3
underpants,B1,3
undersea,B2,4
understand,A2,2
understandable,B2,4
understanding,B2,4
understanding,B2,4
undertake,B2,4
underwater,A2,2
underwater,B2,4
underwear,B2,4
undo,B1,3
undoubtedly,B2,4
undreamed,B2,4
undress,B1,3
undressed,B2,4
unease,B2,4
uneasily,B2,4
uneasy,A2,2
unemployed,B1,3
unemployment,B1,3
unenthusiastic,B2,4
uneven,B2,4
unexpected,B1,3
unexpectedly,B1,3
unfair,A2,2
unfairly,B1,3
unfamiliar,B2,4
unfashionable,B2,4
unfit,B1,3
unfold,B1,3
unforeseen,B2,4
unforgettable,A2,2
unfortunate,B1,3
unfortunately,A2,2
unfriendly,B1,3
ungodly,B2,4
unhappiness,B2,4
unhappy,A2,2
unhealthy,A2,2
unheard,B1,3
unhelpful,B2,4
uniform,A2,2
uniform,A2,2
unify,B1,3
unimaginable,B2,4
unimaginably,B2,4
unimportant,A2,2
uninterested,B1,3
uninteresting,B1,3
union,B1,3
unique,B1,3
unit,A2,2
unite,B1,3
united,B2,4
universal,B2,4
universe,B1,3
university,A2,2
unjustly,B2,4
unkind,B2,4
unknown,A2,2
unless,B1,3
unlike,A2,2
unlike,B2,4
unlikely,B1,3
unlimited,B2,4
unload,B2,4
unlock,B2,4
unlucky,B1,3
unmistakable,B2,4
unmistakably,B2,4
unnatural,B2,4
unnecessary,A2,2
unofficial,B2,4
unpack,B1,3
unpleasant,A2,2
unpopular,B2,4
unpredictable,B1,3
unrealistic,B2,4
unreasonable,B2,4
unrelated,B1,3
unreliable,B2,4
unrest,B2,4
unsafe,B2,4
unsatisfactory,B2,4
unselfish,B2,4
unstoppable,B2,4
unsuccessful,B2,4
unsuitable,B2,4
unsure,B2,4
untalented,B2,4
unthinkably,B2,4
untidy,B1,3
untie,B2,4
until,B1,3
until,A1,1
unto,B2,4
untreated,B2,4
untrimmed,B2,4
unusual,A2,2
unusually,B1,3
unusualness,B2,4
unwanted,B1,3
unwell,B1,3
unwilling,B2,4
unwise,B2,4
unworldly,B2,4
up,A2,2
up,A1,1
upbringing,B2,4
update,B2,4
update,B1,3
upgrade,B2,4
upgrade,B2,4
uplifted,B1,3
upload,B1,3
upon,A2,2
upper,B1,3
upright,B2,4
upright,B2,4
upset,A2,2
upset,B2,4
upside down,B2,4
upside down,B2,4
upstairs,B1,3
upstairs,A2,2
upstairs,B1,3
up-to-date,B1,3
upward,B1,3
urban,B2,4
urge,B1,3
urge,B2,4
urgent,B1,3
urgently,B2,4
us,A1,1
usage,B1,3
use,A2,2
use,A1,1
used,A2,2
used to,B1,3
useful,A2,2
useless,B1,3
user,B2,4
usher,B2,4
usual,A2,2
usually,A1,1
utility,B2,4
utilize/utilise,B2,4
utter,B2,4
utterly,B2,4
vacancy,B1,3
vacant,B2,4
vacation,A1,1
vaccine,B2,4
vague,B1,3
vain,B1,3
valentine,B2,4
valid,B2,4
valley,A2,2
valuable,B1,3
value,A2,2
value,B2,4
van,B1,3
vanish,B2,4
vanity,B2,4
variation,B2,4
varied,B2,4
variety,B1,3
various,B1,3
vary,B1,3
vase,A1,1
vast,B1,3
vegetable,A1,1
vegetarian,B1,3
vegetarian,B1,3
vehicle,B1,3
vein,B1,3
venture,B2,4
venue,B2,4
verb,A2,2
verbal,B2,4
verbally,B2,4
verse,B2,4
verse,B2,4
version,B2,4
versus,B2,4
very,B2,4
very,A1,1
vessel,B1,3
vet,B1,3
veteran,B2,4
via,B1,3
vibrate,B2,4
vibration,B2,4
vice,B1,3
vice president,B1,3
victim,B1,3
victory,B1,3
video,A1,1
video clip,B1,3
video game,A2,2
view,A2,2
view,B1,3
viewer,B2,4
viewpoint,B1,3
vigor/vigour,B2,4
vigorous,B2,4
vigorously,B2,4
villa,B2,4
village,A2,2
villager,B2,4
vinegar,B2,4
violate,B2,4
violence,B1,3
violent,A2,2
violently,B1,3
violin,A2,2
virtual,B1,3
virtual reality,B2,4
virtually,B2,4
virtue,B2,4
virus,B1,3
visa,B1,3
visible,B1,3
visibly,B2,4
vision,B1,3
visit,A1,1
visit,A1,1
visitor,A2,2
visual,B1,3
visually,B1,3
vital,B2,4
vitamin,B2,4
vivid,B1,3
vividly,B1,3
vocabulary,A2,2
vocalist,B2,4
voice,A2,2
volcano,B1,3
volleyball,A1,1
volume,B1,3
volunteer,B2,4
volunteer,B1,3
vomit,B2,4
vote,A1,1
vote,B1,3
voter,B2,4
vow,B2,4
vowel,B1,3
voyage,B1,3
wage,B2,4
wagon,B1,3
waist,B2,4
waistcoat,B2,4
wait,B2,4
wait,A1,1
waiter,A1,1
waitress,A1,1
wake,A1,1
wake,B1,3
walk,A1,1
walk,A1,1
walkabout,B2,4
walker,B2,4
walking,A2,2
wall,A1,1
wallboard,B2,4
wallet,A2,2
walnut,B2,4
wander,A2,2
want,B2,4
want,A1,1
war,A1,1
ward,B1,3
wardrobe,B1,3
warm,A1,1
warm,B1,3
warmly,B1,3
warmth,B1,3
warn,B1,3
warning,B1,3
warranty,B1,3
warrior,B1,3
warship,B2,4
wartime,B2,4
was,A1,1
wash,A1,1
wash,A1,1
washbowl,B1,3
washing machine,A2,2
washing-up,A2,2
wasp,B2,4
waste,B1,3
waste,B1,3
waste,B1,3
wasteful,B1,3
watch,A1,1
watch,A1,1
water,A1,1
water,B2,4
waterfall,B1,3
waterproof,B2,4
wave,A2,2
wave,B1,3
wax,B1,3
wax,B1,3
way,A1,1
we,A1,1
weak,A2,2
weaken,B2,4
weakly,B2,4
weakness,B1,3
wealth,A2,2
wealthy,B2,4
weapon,B1,3
wear,A1,1
wearisome,B2,4
weary,B2,4
weather,A1,1
weather forecast,B1,3
weave,B2,4
web,A2,2
web page,A2,2
webcam,B1,3
website,A2,2
wed,B2,4
wedding,A2,2
Wednesday,A1,1
weed,B2,4
week,A1,1
weekday,A2,2
weekend,A1,1
weekly,A2,2
weekly,A2,2
weep,A2,2
weigh,A2,2
weight,A2,2
weird,B1,3
welcome,B1,3
welcome,A1,1
welcome,B2,4
welcome,A1,1
welfare,B2,4
well,A1,1
well,A1,1
well-balanced,B2,4
well-built,B2,4
well-dressed,B1,3
well-known,A2,2
well-organized/well-organised,B2,4
well-paid,B2,4
were,A1,1
west,A2,2
west,A2,2
west,A2,2
western,B2,4
westward,B1,3
wet,A2,2
wetland,B1,3
whale,B1,3
what,A1,1
what,A1,1
whatever,A2,2
whatever,B1,3
wheat,B2,4
wheel,A1,1
wheelchair,A2,2
when,A1,1
when,A1,1
whenever,B1,3
whenever,B1,3
where,A1,1
where,A1,1
whereas,B2,4
wherever,B1,3
whether,B1,3
which,A1,1
which,A1,1
whichever,B1,3
whichever,B2,4
while,A2,2
while,B1,3
whip,B2,4
whiskey/whisky,B2,4
whisper,B1,3
whisper,B2,4
whistle,B1,3
whistle,B2,4
white,A1,1
white,A1,1
who,A1,1
whoever,B1,3
whole,A2,2
whole,B1,3
whom,A2,2
whose,A1,1
whose,A1,1
why,A1,1
wide,A2,2
wide,A2,2
widely,A2,2
widen,B2,4
widespread,B1,3
widow,B2,4
width,B2,4
wife,A1,1
wild,A2,2
wilderness,B2,4
wildlife,B1,3
wildly,B1,3
will,A1,1
will,B2,4
willing,B2,4
willingly,B2,4
willingness,B1,3
win,B2,4
win,A1,1
wind,A1,1
wind,B2,4
winding,B2,4
window,A1,1
windscreen,B1,3
windshield,B2,4
windsurfing,B1,3
windy,A2,2
wine,A2,2
wing,B1,3
wink,B2,4
winner,A2,2
winter,A1,1
wipe,B2,4
wire,B1,3
wire,B2,4
wisdom,A2,2
wise,A2,2
wish,A1,1
wish,A2,2
wit,B2,4
with,A1,1
withdraw,B2,4
withdrawal,B2,4
wither,B1,3
within,A2,2
without,A2,2
witness,B2,4
witness,B1,3
witty,B2,4
wizard,B1,3
wolf,B2,4
woman,A1,1
wonder,B1,3
wonder,A2,2
wonderful,A1,1
wondrous,B2,4
wood,A2,2
woodcarving,B2,4
wooden,A2,2
wool,A2,2
word,A1,1
wordlessly,B2,4
work,A1,1
work,A1,1
workaholic,B2,4
workbench,B2,4
worker,A1,1
working,B1,3
workman,B2,4
workout,B1,3
workplace,B1,3
workshop,B1,3
worktable,B2,4
world,A1,1
worldly,B2,4
worldview,B2,4
worldwide,B2,4
worldwide,A2,2
worm,B2,4
worn,B1,3
wornout/worn out/worn-out,B2,4
worried,A2,2
worry,A1,1
worry,A2,2
worrying,B2,4
worse,A2,2
worse,A2,2
worse,B2,4
worsen,B2,4
worship,B2,4
worst,A2,2
worst,B2,4
worst,B1,3
worth,B1,3
worthless,B2,4
worthwhile,B1,3
worthy,B1,3
would,A1,1
wound,B1,3
wound,B2,4
wrap,B1,3
wrap,B1,3
wrapping,B1,3
wreck,B2,4
wrist,B1,3
wristwatch,B1,3
write,A1,1
writer,A1,1
writing,A2,2
written,B1,3
wrong,A1,1
wrong,A2,2
wrongly,B2,4
X-ray,B2,4
yacht,B2,4
yard,A1,1
yawn,B2,4
yawn,B2,4
yeah,A2,2
year,A1,1
yearn,B2,4
yell,B1,3
yell,B2,4
yellow,A1,1
yellow,A1,1
yes,A1,1
yesterday,A1,1
yet,A1,1
yet,B1,3
yield,B2,4
yoga,B1,3
yogurt/yoghurt,A1,1
you,A1,1
young,A1,1
your,A1,1
yours,A1,1
yourself,A1,1
youth,A2,2
youthful,B2,4
yummy,B2,4
zebra,B2,4
zip,B2,4
zone,A2,2
zoo,A1,1
zoom,B2,4
exterior,C1,5
cloak,C1,5
timid,C1,5
reluctantly,C1,5
complexity,C1,5
concur,C1,5
avid,C1,5
marvel,C1,5
wing,C1,5
enviable,C1,5
organizational,C1,5
psychiatrist,C1,5
psychiatric,C1,5
clinical,C1,5
corps,C1,5
forensic,C1,5
juvenile,C1,5
juvenile,C1,5
jurisdiction,C1,5
accustomed,C1,5
trauma,C1,5
traumatic,C1,5
constraint,C1,5
revealing,C1,5
eccentric,C1,5
sanctity,C1,5
conform,C1,5
norms,C1,5
quirk,C1,5
oddity,C1,5
compel,C1,5
compulsion,C1,5
conceive,C1,5
conceivable,C1,5
assertion,C1,5
individuality,C1,5
psyche,C1,5
conformity,C1,5
unconventional,C1,5
congregate,C1,5
rally,C1,5
resent,C1,5
self-conscious,C1,5
wary,C1,5
stoke,C1,5
dynamically,C1,5
hostess,C1,5
perpetuate,C1,5
naturalness,C1,5
exhibitionist,C1,5
isolate,C1,5
isolated,C1,5
humble,C1,5
humble,C1,5
refreshingly,C1,5
effortless,C1,5
vegetation,C1,5
brief,C1,5
respite,C1,5
suffice,C1,5
purity,C1,5
gruelling,C1,5
cast,C1,5
cast,C1,5
cast,C1,5
comprise,C1,5
plaster,C1,5
plaster,C1,5
darkroom,C1,5
induct,C1,5
induction,C1,5
stock,C1,5
fossil,C1,5
geological,C1,5
geologically,C1,5
house,C1,5
specimen,C1,5
enormously,C1,5
gem,C1,5
explanatory,C1,5
vertical,C1,5
knowledgeable,C1,5
ordinarily,C1,5
hanging,C1,5
hanging,C1,5
tomb,C1,5
formulate,C1,5
resin,C1,5
sacrifice,C1,5
sacrifice,C1,5
cleanly,C1,5
endorsement,C1,5
stretching,C1,5
continuity,C1,5
shambles,C1,5
claustrophobic,C1,5
claustrophobia,C1,5
headstrong,C1,5
tact,C1,5
tactful,C1,5
tactfully,C1,5
blister,C1,5
blister,C1,5
sponsorship,C1,5
ego,C1,5
class,C1,5
saloon,C1,5
lap,C1,5
beforehand,C1,5
slob,C1,5
coverage,C1,5
unplug,C1,5
gadget,C1,5
rediscover,C1,5
subtly,C1,5
brainwash,C1,5
brainwashing,C1,5
implicate,C1,5
craft,C1,5
malfunction,C1,5
dependent,C1,5
wayside,C1,5
expire,C1,5
con,C1,5
con,C1,5
puzzle,C1,5
damply,C1,5
ghostly,C1,5
carrier,C1,5
washtub,C1,5
apt,C1,5
apt to,C1,5
portable,C1,5
portable,C1,5
ornamental,C1,5
placid,C1,5
placidly,C1,5
unmanageable,C1,5
appliance,C1,5
relinquish,C1,5
tedious,C1,5
tedium,C1,5
exert,C1,5
extortion,C1,5
alleviate,C1,5
elaborate,C1,5
elaborate,C1,5
elaboration,C1,5
detest,C1,5
detestable,C1,5
suds,C1,5
agreeable,C1,5
prowl,C1,5
speculate,C1,5
speculation,C1,5
speculative,C1,5
peacock,C1,5
disdain,C1,5
reenact,C1,5
torment,C1,5
torment,C1,5
extravagance,C1,5
exploit,C1,5
exploitation,C1,5
mechanism,C1,5
hence,C1,5
offspring,C1,5
implicate,C1,5
fit,C1,5
oblige,C1,5
drive,C1,5
drive,C1,5
collaborate,C1,5
collaborator,C1,5
collaboration,C1,5
collaborative,C1,5
showy,C1,5
wrangle,C1,5
premise,C1,5
advantageous,C1,5
parasite,C1,5
fanciful,C1,5
poise,C1,5
customary,C1,5
insightful,C1,5
notable,C1,5
vicious,C1,5
viciously,C1,5
pupil,C1,5
withdrawn,C1,5
withdrawal,C1,5
torturous,C1,5
depict,C1,5
depiction,C1,5
upheaval,C1,5
shortlist,C1,5
shortlist,C1,5
uneventful,C1,5
pertinent,C1,5
pertain to,C1,5
daydream,C1,5
daydream,C1,5
protagonist,C1,5
simplicity,C1,5
blockbuster,C1,5
resonate,C1,5
sequel,C1,5
irony,C1,5
acidic,C1,5
align,C1,5
alignment,C1,5
manipulation,C1,5
suitor,C1,5
deceit,C1,5
alienate,C1,5
persuasively,C1,5
compel,C1,5
confinement,C1,5
minutiae,C1,5
peasant,C1,5
inexplicable,C1,5
inexplicably,C1,5
pigeon,C1,5
harass,C1,5
harassment,C1,5
believably,C1,5
readable,C1,5
cleverness,C1,5
persecute,C1,5
persecution,C1,5
smug,C1,5
smugly,C1,5
ferocious,C1,5
ferociously,C1,5
hostile,C1,5
hostility,C1,5
dismay,C1,5
dismay,C1,5
methodical,C1,5
ruthless,C1,5
ruthlessness,C1,5
talkative,C1,5
awe,C1,5
clan,C1,5
privileged,C1,5
crumble,C1,5
crumb,C1,5
pace,C1,5
closeness,C1,5
rarity,C1,5
evoke,C1,5
repel,C1,5
repellant,C1,5
repellant,C1,5
aqua,C1,5
aquarium,C1,5
insightful,C1,5
insightfully,C1,5
flashback,C1,5
self-worth,C1,5
agonize,C1,5
cite,C1,5
citation,C1,5
recite,C1,5
ecstasy,C1,5
ecstatic,C1,5
ecstatically,C1,5
pleasurable,C1,5
nature,C1,5
substantially,C1,5
favorably/favourably,C1,5
diversity,C1,5
elitist,C1,5
grumble,C1,5
rumble,C1,5
rumble,C1,5
neglectful,C1,5
roundup,C1,5
conscientious,C1,5
conscientiously,C1,5
indefinite,C1,5
indefinitely,C1,5
atmospheric,C1,5
fuse,C1,5
fusion,C1,5
robust,C1,5
robustly,C1,5
dismal,C1,5
dismally,C1,5
crave,C1,5
craving,C1,5
prospective,C1,5
swap,C1,5
remotely,C1,5
splatter,C1,5
automatic,C1,5
automatically,C1,5
exhaust,C1,5
violet,C1,5
bubbly,C1,5
chaotically,C1,5
apprehensive,C1,5
settee,C1,5
trampoline,C1,5
stamina,C1,5
ploy,C1,5
dither,C1,5
overalls,C1,5
unison,C1,5
snail,C1,5
bliss,C1,5
inexhaustible,C1,5
acre,C1,5
calf,C1,5
heifer,C1,5
ewe,C1,5
adversary,C1,5
victorious,C1,5
victoriously,C1,5
profound,C1,5
profoundly,C1,5
baldly,C1,5
bald,C1,5
bearded,C1,5
professionalism,C1,5
artistically,C1,5
popularization,C1,5
pendulum,C1,5
predecessor,C1,5
boast,C1,5
lapse,C1,5
ceaseless,C1,5
ceaselessly,C1,5
climax,C1,5
climactic,C1,5
anticlimactic,C1,5
scramble,C1,5
forfeit,C1,5
twitch,C1,5
twitch,C1,5
intellect,C1,5
descent,C1,5
shed,C1,5
exodus,C1,5
immortalize,C1,5
genome,C1,5
fraction,C1,5
faction,C1,5
physique,C1,5
utensil,C1,5
otter,C1,5
clammy,C1,5
absolute,C1,5
dispense,C1,5
dispensable,C1,5
dispensary,C1,5
indispensable,C1,5
diverge,C1,5
divergence,C1,5
divergent,C1,5
burst,C1,5
superficial,C1,5
superficially,C1,5
aesthetic,C1,5
aesthetically,C1,5
scrutinize/scrutinise,C1,5
scrutiny,C1,5
quip,C1,5
quip,C1,5
woo,C1,5
criteria,C1,5
plausible,C1,5
plausibility,C1,5
plausibly,C1,5
instinctive,C1,5
instinctively,C1,5
stylistic,C1,5
stylistically,C1,5
inheritance,C1,5
inherent,C1,5
inherently,C1,5
tune,C1,5
spontaneous,C1,5
spontaneously,C1,5
honk,C1,5
honk,C1,5
goose,C1,5
innovate,C1,5
innovation,C1,5
innovative,C1,5
connoisseur,C1,5
abstraction,C1,5
tantrum,C1,5
institute,C1,5
discard,C1,5
fatality,C1,5
angle,C1,5
stiffen,C1,5
wooded,C1,5
hostile,C1,5
hostility,C1,5
flatter,C1,5
flattery,C1,5
aimless,C1,5
aimlessly,C1,5
meaningless,C1,5
meaninglessly,C1,5
candid,C1,5
candidly,C1,5
vitality,C1,5
provoke,C1,5
provocative,C1,5
provocatively,C1,5
clench,C1,5
haggle,C1,5
scorn,C1,5
scornful,C1,5
scornfully,C1,5
animatedly,C1,5
obscure,C1,5
obscure,C1,5
obscurely,C1,5
elevate,C1,5
elevation,C1,5
pose,C1,5
tedious,C1,5
tediously,C1,5
succession,C1,5
formality,C1,5
jog,C1,5
mountaineer,C1,5
pioneer,C1,5
pioneer,C1,5
quest,C1,5
transatlantic,C1,5
rudiments,C1,5
rudimentary,C1,5
paddle,C1,5
immense,C1,5
immensely,C1,5
advisory,C1,5
trying,C1,5
adrenaline,C1,5
tinker,C1,5
tinker,C1,5
lavatory,C1,5
expedition,C1,5
pinnacle,C1,5
insecure,C1,5
insecurely,C1,5
reassure,C1,5
reassurance,C1,5
insensitive,C1,5
insensitively,C1,5
profess,C1,5
drawback,C1,5
resort,C1,5
resort,C1,5
oversee,C1,5
overseer,C1,5
estimation,C1,5
commission,C1,5
commission,C1,5
liaison,C1,5
stressfully,C1,5
loom,C1,5
notwithstanding,C1,5
structurally,C1,5
structural,C1,5
chauffer,C1,5
chauffer,C1,5
sedentary,C1,5
rapport,C1,5
landscape,C1,5
consultation,C1,5
consultancy,C1,5
bloom,C1,5
engineer,C1,5
retention,C1,5
quarry,C1,5
specification,C1,5
contract,C1,5
contract,C1,5
contractor,C1,5
query,C1,5
possessor,C1,5
chill,C1,5
chill,C1,5
chilly,C1,5
frost,C1,5
frosty,C1,5
frostily,C1,5
man,C1,5
unmanned,C1,5
impersonal,C1,5
impersonally,C1,5
impersonate,C1,5
impersonator,C1,5
impersonation,C1,5
buzzer,C1,5
desert,C1,5
desertion,C1,5
unoccupied,C1,5
stuffy,C1,5
stuffily,C1,5
stuffiness,C1,5
gape,C1,5
gape,C1,5
repute,C1,5
toughness,C1,5
recall,C1,5
recollection,C1,5
plumbing,C1,5
usher,C1,5
glum,C1,5
glumly,C1,5
gamely,C1,5
dissect,C1,5
dissection,C1,5
commend,C1,5
commendation,C1,5
thereby,C1,5
flick,C1,5
flicker,C1,5
unenviable,C1,5
unenviably,C1,5
voice,C1,5
tread,C1,5
allege,C1,5
allegation,C1,5
bribe,C1,5
bribe,C1,5
bribery,C1,5
inclusion,C1,5
inclusive,C1,5
inclusively,C1,5
unconvincing,C1,5
unconvincingly,C1,5
recharge,C1,5
facilitation,C1,5
condition,C1,5
conditional,C1,5
conditionally,C1,5
tone,C1,5
align,C1,5
alignment,C1,5
supple,C1,5
manicure,C1,5
manicure,C1,5
pedicure,C1,5
facial,C1,5
facial,C1,5
bouquet,C1,5
refurbish,C1,5
refurbishment,C1,5
grounds,C1,5
grounds,C1,5
grounds,C1,5
ground,C1,5
lethargy,C1,5
lethargic,C1,5
lethargically,C1,5
stately,C1,5
conserve,C1,5
conservatory,C1,5
disquieting,C1,5
fiercely,C1,5
grapefruit,C1,5
exotic,C1,5
exotically,C1,5
flask,C1,5
spacious,C1,5
gourmet,C1,5
gourmet,C1,5
rich,C1,5
conjure,C1,5
creamy,C1,5
sauna,C1,5
remedial,C1,5
posture,C1,5
sedate,C1,5
sedately,C1,5
sedate,C1,5
clutch,C1,5
clutch,C1,5
stagger,C1,5
staggering,C1,5
dutiful,C1,5
dutifully,C1,5
calorie,C1,5
firm,C1,5
fabulously,C1,5
premise,C1,5
premises,C1,5
eclectic,C1,5
eclectic,C1,5
eclectically,C1,5
revere,C1,5
harbor/harbour,C1,5
recognizable/recognisable,C1,5
recognizably/recognisably,C1,5
batter,C1,5
battery,C1,5
batter,C1,5
batter,C1,5
unreliably,C1,5
waterfront,C1,5
amply,C1,5
amplification,C1,5
battered,C1,5
battered,C1,5
comply,C1,5
compliance,C1,5
compliant,C1,5
compliantly,C1,5
blankness,C1,5
exuberant,C1,5
exuberance,C1,5
exuberantly,C1,5
linear,C1,5
linearly,C1,5
flourish,C1,5
flourish,C1,5
anchor,C1,5
anchored,C1,5
domination,C1,5
dominant,C1,5
dominantly,C1,5
interject,C1,5
interjection,C1,5
gush,C1,5
gushing,C1,5
gush,C1,5
gushingly,C1,5
voracious,C1,5
voraciously,C1,5
sketchbook,C1,5
sketch,C1,5
prop,C1,5
prop,C1,5
imp,C1,5
impish,C1,5
impishly,C1,5
wicked,C1,5
wickedly,C1,5
macabre,C1,5
gusto,C1,5
tantamount,C1,5
antics,C1,5
lapse,C1,5
lapse,C1,5
relapse,C1,5
relapse,C1,5
impede,C1,5
impediment,C1,5
taut,C1,5
tautly,C1,5
jersey,C1,5
jersey,C1,5
startling,C1,5
startlingly,C1,5
slack,C1,5
slack,C1,5
slack,C1,5
slackly,C1,5
unwavering,C1,5
unwaveringly,C1,5
removed,C1,5
buffoon,C1,5
beguiling,C1,5
beguilingly,C1,5
blithely,C1,5
stray,C1,5
stray,C1,5
stray,C1,5
mythological,C1,5
mythology,C1,5
venerate,C1,5
veneration,C1,5
ethical,C1,5
ethically,C1,5
heroine,C1,5
refreshing,C1,5
refresh,C1,5
refreshingly,C1,5
zany,C1,5
devotee,C1,5
salve,C1,5
salvation,C1,5
salvage,C1,5
staccato,C1,5
staccato,C1,5
verve,C1,5
motley,C1,5
preach,C1,5
preacher,C1,5
behind,C1,5
continuity,C1,5
justly,C1,5
wry,C1,5
wryly,C1,5
poetess,C1,5
confide,C1,5
sentient,C1,5
sentiment,C1,5
sentimental,C1,5
sentimentally,C1,5
tangle,C1,5
tangle,C1,5
tangled,C1,5
untangle,C1,5
untangled,C1,5
perceptive,C1,5
perceptively,C1,5
outset,C1,5
tycoon,C1,5
launch,C1,5
engross,C1,5
engrossing,C1,5
plague,C1,5
orphan,C1,5
detritus,C1,5
detriment,C1,5
detrimental,C1,5
detrimentally,C1,5
domestically,C1,5
domesticate,C1,5
domestication,C1,5
eccentric,C1,5
eccentric,C1,5
eccentrically,C1,5
render,C1,5
rendering,C1,5
pathos,C1,5
tailor,C1,5
tailor,C1,5
personalize/personalise,C1,5
personalization/personalisation,C1,5
personification,C1,5
limitless,C1,5
apprentice,C1,5
apprentice,C1,5
apprenticeship,C1,5
precision,C1,5
swap,C1,5
swap,C1,5
perfect,C1,5
silhouette,C1,5
nondescript,C1,5
signal,C1,5
negligible,C1,5
negligent,C1,5
negligently,C1,5
principally,C1,5
altruism,C1,5
altruistic,C1,5
scenario,C1,5
voluntary,C1,5
voluntarily,C1,5
reap,C1,5
paternal,C1,5
maternal,C1,5
maternalistic,C1,5
paternalistic,C1,5
provisions,C1,5
injustice,C1,5
impoverished,C1,5
unsustainable,C1,5
unsustainably,C1,5
sustainable,C1,5
sustainably,C1,5
bypass,C1,5
imperative,C1,5
imperative,C1,5
cynic,C1,5
cynical,C1,5
cynically,C1,5
cynicism,C1,5
sarcasm,C1,5
sarcastic,C1,5
sarcastically,C1,5
misplace,C1,5
symptomatic,C1,5
degrade,C1,5
degrading,C1,5
degradation,C1,5
discourse,C1,5
amid,C1,5
hedgehog,C1,5
nocturnal,C1,5
hibernate,C1,5
hibernation,C1,5
convict,C1,5
convict,C1,5
conviction,C1,5
latent,C1,5
snooze,C1,5
classy,C1,5
wrench,C1,5
reminisce,C1,5
reminiscent,C1,5
intuit,C1,5
intuition,C1,5
intuitive,C1,5
intuitively,C1,5
marginal,C1,5
marginally,C1,5
crude,C1,5
crudely,C1,5
strap,C1,5
strap,C1,5
strapping,C1,5
scoff,C1,5
fiddly,C1,5
fiddler,C1,5
fiddle,C1,5
fiddle,C1,5
unmusical,C1,5
unmusically,C1,5
repertory,C1,5
concerto,C1,5
premier,C1,5
premier,C1,5
fanatic,C1,5
fanatic,C1,5
fanatically,C1,5
acoustically,C1,5
acoustic,C1,5
acoustics,C1,5
compromised,C1,5
daunt,C1,5
daunting,C1,5
realist,C1,5
realism,C1,5
recess,C1,5
recess,C1,5
recessive,C1,5
prolific,C1,5
prolifically,C1,5
proliferate,C1,5
fragmentation,C1,5
campaign,C1,5
astray,C1,5
duration,C1,5
durable,C1,5
durable,C1,5
likelihood,C1,5
naive,C1,5
naively,C1,5
naivety,C1,5
impervious,C1,5
ludicrous,C1,5
ludicrously,C1,5
cost-effective,C1,5
gruesome,C1,5
gruesomely,C1,5
envisage,C1,5
screenwriter,C1,5
mingle,C1,5
churn,C1,5
buffer,C1,5
buffer,C1,5
irate,C1,5
irately,C1,5
docile,C1,5
docilely,C1,5
fiend,C1,5
fiendish,C1,5
fiendishly,C1,5
transfix,C1,5
gypsy,C1,5
temperament,C1,5
temperamental,C1,5
temperamentally,C1,5
screenplay,C1,5
disillusionment,C1,5
demise,C1,5
raunchy,C1,5
raunchily,C1,5
overdraft,C1,5
overdraft,C1,5
synopsis,C1,5
renown,C1,5
contest,C1,5
contested,C1,5
verandah,C1,5
occupational,C1,5
verdict,C1,5
ventilate,C1,5
ventilation,C1,5
occupant,C1,5
radiator,C1,5
homely,C1,5
bureaucratic,C1,5
bureaucratically,C1,5
adjustable,C1,5
fatigue,C1,5
muscular,C1,5
versatile,C1,5
versatility,C1,5
stimuli,C1,5
uninspiring,C1,5
mutually,C1,5
somber/sombre,C1,5
somberly/sombrely,C1,5
clutter,C1,5
clutter,C1,5
lodge,C1,5
dislodge,C1,5
carpenter,C1,5
carpentry,C1,5
transit,C1,5
plummet,C1,5
circulate,C1,5
circulation,C1,5
demography,C1,5
demographic,C1,5
demographic,C1,5
demographically,C1,5
phenomenal,C1,5
phenomenally,C1,5
prophet,C1,5
prophetic,C1,5
paywall,C1,5
firewall,C1,5
launch,C1,5
invoice,C1,5
demolition,C1,5
demo,C1,5
gig,C1,5
socialization,C1,5
antiquity,C1,5
antiquated,C1,5
restoration,C1,5
restorative,C1,5
rotate,C1,5
till,C1,5
coupled,C1,5
itinerary,C1,5
charter,C1,5
charter,C1,5
terrain,C1,5
resilient,C1,5
resilience,C1,5
enterprising,C1,5
integral,C1,5
canoe,C1,5
magnetic,C1,5
magnetism,C1,5
magnetically,C1,5
credible,C1,5
credibly,C1,5
credibility,C1,5
credential,C1,5
acutely,C1,5
prohibitive,C1,5
prohibitively,C1,5
fissure,C1,5
pendulum,C1,5
pendulous,C1,5
suspension,C1,5
aboard,C1,5
drill,C1,5
drill,C1,5
anthropology,C1,5
anthropologist,C1,5
squander,C1,5
munch,C1,5
adjoin,C1,5
adjoining,C1,5
wizened,C1,5
graft,C1,5
orchard,C1,5
seedling,C1,5
tract,C1,5
folktale,C1,5
sprout,C1,5
sprout,C1,5
hypocrisy,C1,5
hypocrite,C1,5
hypocritical,C1,5
hypocritically,C1,5
midwife,C1,5
harvest,C1,5
commercially,C1,5
uniformity,C1,5
numb,C1,5
numb,C1,5
tastebud,C1,5
amateur,C1,5
amateur,C1,5
retrace,C1,5
chart,C1,5
insubordinate,C1,5
insubordination,C1,5
insubordinately,C1,5
subordinate,C1,5
primitively,C1,5
embark,C1,5
expedite,C1,5
contextual,C1,5
contextually,C1,5
whilst,C1,5
maneuver/manoeuvre,C1,5
maneuver/manoeuvre,C1,5
riveting,C1,5
plunge,C1,5
plunge,C1,5
debut,C1,5
debut,C1,5
turmoil,C1,5
scathing,C1,5
unscathing,C1,5
convoluted,C1,5
undaunted,C1,5
gutsy,C1,5
deprivation,C1,5
farce,C1,5
portray,C1,5
portrayal,C1,5
elusive,C1,5
elude,C1,5
incisor,C1,5
incision,C1,5
chisel,C1,5
chiselled,C1,5
gnaw,C1,5
elongate,C1,5
telltale,C1,5
cavity,C1,5
rustle,C1,5
rustle,C1,5
glean,C1,5
niche,C1,5
somersault,C1,5
somersault,C1,5
exhilarate,C1,5
exhilarating,C1,5
exhilaration,C1,5
physicality,C1,5
hack,C1,5
hack,C1,5
lust,C1,5
unsettling,C1,5
unsettle,C1,5
suburban,C1,5
suburbia,C1,5
dramatist,C1,5
characterization/characterisation,C1,5
quirky,C1,5
quirky,C1,5
sprawl,C1,5
sprawl,C1,5
ingenuity,C1,5
panorama,C1,5
panoramic,C1,5
benign,C1,5
benignly,C1,5
explosively,C1,5
bequeath,C1,5
legacy,C1,5
synthetic,C1,5
synthetically,C1,5
lackluster/lacklustre,C1,5
elastic,C1,5
elastic,C1,5
appall/appal,C1,5
appalling,C1,5
appallingly,C1,5
pounce,C1,5
abound,C1,5
sap,C1,5
monotonous,C1,5
monotonously,C1,5
monotony,C1,5
turn to ,C1,5
ingenious,C1,5
plaque,C1,5
neutralize/neutralise,C1,5
neutralization/neutralisation,C1,5
salivate,C1,5
cessation,C1,5
remorse,C1,5
remorseless,C1,5
remorsefully,C1,5
remorselessly,C1,5
inexcusable,C1,5
inexcusably,C1,5
inexhaustible,C1,5
unassisted,C1,5
heighten,C1,5
fixture,C1,5
bulk,C1,5
bulky,C1,5
bulk up,C1,5
digitalize/digitalise,C1,5
digitalization/digitalisation,C1,5
mark-up,C1,5
complementary,C1,5
complimentary,C1,5
staple,C1,5
wares,C1,5
testament,C1,5
succulent,C1,5
succulent,C1,5
succulently,C1,5
tranquil,C1,5
tranquility,C1,5
spartan,C1,5
peninsula,C1,5
billiards,C1,5
exude,C2,6
envisage,C2,6
headmistress,C2,6
mien,C2,6
timidity,C2,6
unravel,C2,6
concurrence,C2,6
unpromising,C2,6
teem,C2,6
marvel,C2,6
outpatient,C2,6
corpse,C2,6
apprentice,C2,6
constrained,C2,6
quirk,C2,6
indignant,C2,6
indignantly,C2,6
eccentricity,C2,6
locomotive,C2,6
locomotion,C2,6
individualism,C2,6
enthuse,C2,6
belligerent,C2,6
belligerence,C2,6
stoicism,C2,6
deliberate,C2,6
recluse,C2,6
reclusive,C2,6
metalled,C2,6
brief,C2,6
oblique,C2,6
facsimile,C2,6
shamble,C2,6
whir,C2,6
blight,C2,6
blight,C2,6
puritanical,C2,6
brood,C2,6
brood,C2,6
disdainful,C2,6
zoologist,C2,6
zoology,C2,6
encumbrance,C2,6
encumber,C2,6
hypothesis,C2,6
hypothesize,C2,6
hypothetical,C2,6
parasitic,C2,6
plumage,C2,6
utilitarian,C2,6
utilize,C2,6
utility,C2,6
predilection,C2,6
commensurate,C2,6
commensurately,C2,6
vindicate,C2,6
vindication,C2,6
parable,C2,6
poise,C2,6
minster,C2,6
wrack,C2,6
ironic,C2,6
predecessor,C2,6
ally,C2,6
callous,C2,6
callously,C2,6
derelict,C2,6
derelict,C2,6
materialism,C2,6
materialistic,C2,6
ferocity,C2,6
utter,C2,6
utter,C2,6
evokingly,C2,6
recitation,C2,6
equable,C2,6
extant,C2,6
denounce,C2,6
denunciation,C2,6
echo,C2,6
echo,C2,6
echo,C2,6
requisition,C2,6
substantiate,C2,6
inscrutable,C2,6
stratosphere,C2,6
indulge,C2,6
indulgence,C2,6
indulgently,C2,6
laudatory,C2,6
laud ,C2,6
glitz,C2,6
glitzy,C2,6
automate,C2,6
apprehend,C2,6
athleticism,C2,6
daunt,C2,6
daunting,C2,6
acreage,C2,6
affectation,C2,6
imposition,C2,6
circuit,C2,6
stipulate,C2,6
stipulation,C2,6
allot,C2,6
allotment,C2,6
anticlimactically,C2,6
forfeiture,C2,6
blitz,C2,6
blitz,C2,6
primeval,C2,6
tenacity,C2,6
tenacious,C2,6
tenaciously,C2,6
exact,C2,6
genomic,C2,6
genomically,C2,6
capacious,C2,6
utilitarian,C2,6
utilization/utilisation,C2,6
unequivocal,C2,6
unequivocally,C2,6
spontaneity,C2,6
provocation,C2,6
portraiture,C2,6
tedium,C2,6
succeed,C2,6
circumnavigate,C2,6
circumnavigation,C2,6
liaise,C2,6
contractual,C2,6
contractually,C2,6
repute,C2,6
abject,C2,6
sheaf,C2,6
articulation,C2,6
articulate,C2,6
spurious,C2,6
spuriously,C2,6
posture,C2,6
calorific,C2,6
fabulate,C2,6
fabulation,C2,6
octogenarian,C2,6
voracity,C2,6
brandish,C2,6
repose,C2,6
repose,C2,6
encumber,C2,6
encumbrance,C2,6
unencumbered,C2,6
buffoonery,C2,6
gauche,C2,6
domesticity,C2,6
accrue,C2,6
proliferation,C2,6
blandishment,C2,6
pluck,C2,6
anthropological,C2,6
anthropologically,C2,6
carbonize/carbonise,C2,6
monastic,C2,6
graft,C2,6
midwifery,C2,6
adornment,C2,6
adorn,C2,6
idle,C2,6
conjecture,C2,6
conjecture,C2,6
malleable,C2,6
malleability,C2,6
ore,C2,6
gale,C2,6
promenade,C2,6
testimonial,C2,6
distill,C2,6
distillation,C2,6
informant,C2,6
vis-a-vis,C2,6
overlay,C2,6
nostalgia,C2,6
nostalgic,C2,6
nostalgically,C2,6
grievance,C2,6
deprivation,C2,6
residue,C2,6
residual,C2,6
physiological,C2,6
physiologically,C2,6
familiarize/familiarise,C2,6
methodology,C2,6
methodological,C2,6
methodologically,C2,6
proportional,C2,6
proportionally,C2,6
habitation,C2,6
inartistic,C2,6
ornate,C2,6
modernism,C2,6
presuppose,C2,6
presupposition,C2,6
centralized/centralised,C2,6
envisage,C2,6
contextual,C2,6
contextually,C2,6
transmitter,C2,6
regulatory,C2,6
archival,C2,6
diffuse,C2,6
diffuse,C2,6
egalitarian,C2,6
egalitarian,C2,6
hindsight,C2,6
materialize/materialise,C2,6
materialization/materialisation,C2,6
disperse,C2,6
dispersal,C2,6
adverse,C2,6
adversely,C2,6
stabilize/stabilise,C2,6
pervasive,C2,6
pervasiveness,C2,6
secure,C2,6
autonomous,C2,6
autonomously,C2,6
outmoded,C2,6
phase,C2,6
plum,C2,6
notorious,C2,6
notoriously,C2,6
notoriety,C2,6
menial,C2,6
insular,C2,6
antidote,C2,6
posture,C2,6
postural,C2,6
posturing,C2,6
revelatory,C2,6
prostrate,C2,6
prostrate,C2,6
haphazard,C2,6
haphazardly,C2,6
deficient,C2,6
deficiently,C2,6
deficit,C2,6
delicatessen,C2,6
muscle-bound,C2,6
dive,C2,6
maneuver/manoeuvre,C2,6
maneuver/manoeuvre,C2,6
posit,C2,6
cocoon,C2,6
chrysalis,C2,6
ignominious,C2,6
ignominiously,C2,6
euphoria,C2,6
euphoric,C2,6
euphorically,C2,6
relegate,C2,6
succumb,C2,6
treacherous,C2,6
treacherously,C2,6
treachery,C2,6
maggot,C2,6
palate,C2,6
palatable,C2,6
hermit,C2,6
hermetic,C2,6
irrelevancy,C2,6
mariner,C2,6
rift,C2,6
mere,C2,6
helm,C2,6
autopilot,C2,6
eminence,C2,6
eminent,C2,6
preeminent,C2,6
mold/mould,C2,6
unsuspected,C2,6
abolish,C2,6
paralyze/paralyse,C2,6
paralysis,C2,6
paralyzingly/paralysingly,C2,6
glory in,C2,6
decentralize/decentralise,C2,6
preoccupation,C2,6
preoccupy,C2,6
prolong,C2,6
audit,C2,6
audit,C2,6
drudgery,C2,6
pressurize,C2,6
pressurization,C2,6
intermediary,C2,6
hotelier,C2,6
denote,C2,6
denotation,C2,6
profitability,C2,6
jargon,C2,6
declination,C2,6
vocational,C2,6
spatial,C2,6
spatially,C2,6
punctual,C2,6
punctuality,C2,6
integration,C2,6
curriculum,C2,6
extracurricular,C2,6
extracurricular,C2,6
encompass,C2,6
all-encompassing,C2,6
accountability,C2,6
frolic,C2,6
minefield,C2,6
side-step,C2,6
abundant,C2,6
abundantly,C2,6
abundance,C2,6
anarchic,C2,6
crystallize/crystallise,C2,6
crystallization/crystallisation,C2,6
prescriptive,C2,6
slab,C2,6
retrospect,C2,6
retrospective,C2,6
retrospection,C2,6
wordage,C2,6
brevity,C2,6
uncanny,C2,6
tactic,C2,6
tactical,C2,6
tactically,C2,6
tactile,C2,6
gambit,C2,6
babble,C2,6
bauble,C2,6
correlate,C2,6
correlation,C2,6
correlate,C2,6
combustion,C2,6
painstaking,C2,6
painstakingly,C2,6
contraption,C2,6
mesh,C2,6
enabler,C2,6
fluctuate,C2,6
fluctuation,C2,6
lyricist,C2,6
lyrical,C2,6
lyrically,C2,6
bona fide,C2,6
moribund,C2,6
perch,C2,6
perch,C2,6
perch,C2,6
solicit,C2,6
vocalist,C2,6
philanthropy,C2,6
philanthropist,C2,6
philanthropic,C2,6
philanthropically,C2,6
precocious,C2,6
precociously,C2,6
wordsmith,C2,6
connote,C2,6
connotation,C2,6
herald,C2,6
herald,C2,6
philistine,C2,6
innuendo,C2,6
induce,C2,6
inducement,C2,6
anthology,C2,6
lament,C2,6
lamentation,C2,6
conduit,C2,6
chronology,C2,6
chronological,C2,6
chronologically,C2,6
equilibrium,C2,6
rebound,C2,6
rebound,C2,6
proposition,C2,6
flagging,C2,6
electrode,C2,6
caffeinate,C2,6
cosmic,C2,6
interlude,C2,6
haven,C2,6
beneficiary,C2,6
recuperate,C2,6
recuperation,C2,6
recuperative,C2,6
cultish,C2,6
seismic,C2,6
irrevocably,C2,6
irrevocable,C2,6
slither,C2,6
unnerve,C2,6
unnerving,C2,6
unnervingly,C2,6
protrude,C2,6
protrusion,C2,6
qualitative,C2,6
procedural,C2,6
procedural,C2,6
demystify,C2,6
demystification,C2,6
proprietary,C2,6
proprietorial,C2,6
tantamount,C2,6
floodgates,C2,6
imperceptible,C2,6
imperceptibly,C2,6
hapless,C2,6
catastrophic,C2,6
catastrophically,C2,6
commission,C2,6
commission,C2,6
wayward,C2,6
blurb,C2,6
provincial,C2,6
indolent,C2,6
indolently,C2,6
indolence,C2,6
taste-maker,C2,6
deviant,C2,6
deviant,C2,6
deviantly,C2,6
engender,C2,6
emolument,C2,6
munificence,C2,6
posterity,C2,6
venomous,C2,6
venomously,C2,6
choreography,C2,6
choreographical,C2,6
archetype,C2,6
archetypal,C2,6
dissension,C2,6
exalted,C2,6
exaltedly,C2,6
adept,C2,6
adept,C2,6
inert,C2,6
hitherto,C2,6
angst,C2,6
angsty,C2,6
drabness,C2,6
melodious,C2,6
melodiously,C2,6
magpie,C2,6
lark,C2,6
lark,C2,6
melancholy,C2,6
melancholy,C2,6
meteorology,C2,6
meteorological,C2,6
brink,C2,6
unsurpassed,C2,6
loiter,C2,6
topple,C2,6
intrinsic,C2,6
intrinsically,C2,6
merit,C2,6
merit,C2,6
promotable,C2,6
clinch,C2,6
anonymity,C2,6
splinter,C2,6
reproach,C2,6
disseminate,C2,6
dissemination,C2,6
dissemble,C2,6
mangle,C2,6
bereft,C2,6
bereftly,C2,6
soliloquy,C2,6
solipsism,C2,6
soliloquize,C2,6
mutinous,C2,6
mutinously,C2,6
prissy,C2,6
reptilian,C2,6
diminish,C2,6
undiminishing,C2,6
contagion,C2,6
homestead,C2,6
computerize/computerise,C2,6
incumbent,C2,6
incumbent,C2,6
recumbent,C2,6
nonchalant,C2,6
nonchalantly,C2,6
mesmeric,C2,6
stultify,C2,6
stultifyingly,C2,6
wallow,C2,6
ponderous,C2,6
ponderously,C2,6
lassitude,C2,6
vicinity,C2,6
ebb,C2,6
wax,C2,6
wane,C2,6
antediluvian,C2,6
ostensible,C2,6
ostensibly,C2,6
interlocking,C2,6
plane,C2,6
undemonstrative,C2,6
undemonstratively,C2,6
menace,C2,6
menacing,C2,6
menacingly,C2,6
calamity,C2,6
calamitous,C2,6
calamitously,C2,6
nigh,C2,6
austere,C2,6
austerely,C2,6
austerity,C2,6
idiosyncrasy,C2,6
idiosyncratic,C2,6
idiomatic,C2,6
idiomatically,C2,6
kinetic,C2,6
kinetically,C2,6
unmediated,C2,6
mediate,C2,6
mediation,C2,6
unharried,C2,6
figurative,C2,6
figuratively,C2,6
exorcism,C2,6
exorcist,C2,6
mundanity,C2,6
mediocrity,C2,6
dubiously,C2,6
curate,C2,6
curator,C2,6
antithesis,C2,6
antithetical,C2,6
parameter,C2,6
detract,C2,6
interrogate,C2,6
interrogation,C2,6
interrogative,C2,6
interrogatively,C2,6
perverse,C2,6
perversity,C2,6
attainment,C2,6
opaque,C2,6
opacity,C2,6
remit,C2,6
remittance,C2,6
recourse,C2,6
pedestal,C2,6
pedestrian,C2,6
lurid,C2,6
luridly,C2,6
fallacy,C2,6
rife,C2,6
grumble,C2,6
mercenary,C2,6
polysyllabic,C2,6
syllabic,C2,6
superfluous,C2,6
superfluously,C2,6
snippet,C2,6
practitioner,C2,6
ephemeral,C2,6
ephemera,C2,6
ephemerality,C2,6
summarily,C2,6
skim,C2,6
infallibly,C2,6
infallible,C2,6
infallibility,C2,6
depravity,C2,6
depraved,C2,6
deprecate,C2,6
deprecatingly,C2,6
revile,C2,6
revulsion,C2,6
meager/meagre,C2,6
arcane,C2,6
arcanely,C2,6
porten,C2,6
divination,C2,6
flit,C2,6
hitch,C2,6
prone,C2,6
scavenger,C2,6
vermin,C2,6
totemic,C2,6
emulate,C2,6
emulation,C2,6
avian,C2,6
vestigial,C2,6
vestigially,C2,6
barometer,C2,6
lament,C2,6
lamentation,C2,6
brouhaha,C2,6
magnate,C2,6
magnanimous,C2,6
magnanimously,C2,6
magnanimity,C2,6
whirlwind,C2,6
strait,C2,6
secular,C2,6
secularly,C2,6
euphemism,C2,6
euphemistic,C2,6
euphemistically,C2,6
condensation,C2,6
redundant,C2,6
redundancy,C2,6
redundantly,C2,6
colloquial,C2,6
colloquium,C2,6
colloquially,C2,6
allusion,C2,6
allude,C2,6
disparage,C2,6
disparaging,C2,6
disparagingly,C2,6
disparagement,C2,6
huddle,C2,6
huddle,C2,6
topography,C2,6
topographical,C2,6
topographically,C2,6
confabulate,C2,6
confabulation,C2,6
surrealist,C2,6
surrealism,C2,6
contrive,C2,6
malice,C2,6
malicious,C2,6
maliciously,C2,6
cinematography,C2,6
cinematographer,C2,6
maverick,C2,6
diligent,C2,6
diligence,C2,6
diligently,C2,6
turret,C2,6
impressionistic,C2,6
impressionistically,C2,6
snobbery,C2,6
parochial,C2,6
gravitate,C2,6
gravitational,C2,6
gravitationally,C2,6
consternation,C2,6
haughty,C2,6
haughtily,C2,6
axiom,C2,6
axiomatic,C2,6
attrition,C2,6
enduringly,C2,6
reissue,C2,6
sulphur,C2,6
sulphuric,C2,6
phantom,C2,6
moor,C2,6
solitary,C2,6
solitary,C2,6
solitariness,C2,6
solitude,C2,6
adhere,C2,6
adhesion,C2,6
proscribe,C2,6
proscription,C2,6
crony,C2,6
dribble,C2,6
dribble,C2,6
dribble,C2,6
ingrate,C2,6
prise,C2,6
rickety,C2,6
consign,C2,6
consignment,C2,6
fete,C2,6
dole out,C2,6
opulent,C2,6
opulence,C2,6
opulently,C2,6
plutocrat,C2,6
averse,C2,6
edify,C2,6
edification,C2,6
converse,C2,6
converse,C2,6
sterility,C2,6
rhetoric,C2,6
rhetorical,C2,6
rhetorically,C2,6
flighty,C2,6
flightiness,C2,6
brimstone,C2,6
impeccable,C2,6
impeccably,C2,6
romp,C2,6
romper,C2,6
meticulous,C2,6
meticulously,C2,6
ingratiate,C2,6
ingratiating,C2,6
ingratiatingly,C2,6
shimmer,C2,6
hull,C2,6
cull,C2,6
swivel,C2,6
relinquish,C2,6
quiver,C2,6
quiver,C2,6
sandwiched,C2,6
mottled,C2,6
epoxy,C2,6
resin,C2,6
sedately,C2,6
angular,C2,6
angularity,C2,6
dampen,C2,6
buccaneer,C2,6
buccaneer,C2,6
conglomerate,C2,6
cay,C2,6
singe,C2,6
cordon,C2,6
fabled,C2,6
glint,C2,6
glint,C2,6
infernal,C2,6
infernally,C2,6
presentational,C2,6
embed,C2,6
plume,C2,6
happenstance,C2,6
venture,C2,6
reconcile,C2,6
reconciliation,C2,6
conciliatory,C2,6
conciliation,C2,6
preconception,C2,6
baroque,C2,6
virginal,C2,6
spire,C2,6
elephantine,C2,6
agency,C2,6
condone,C2,6
commodity,C2,6
commode,C2,6
unobtrusive,C2,6
unobtrusively,C2,6
unobtrusiveness,C2,6
compellingly,C2,6
hauntingly,C2,6
brim,C2,6
hazard,C2,6
authenticity,C2,6
scholarly,C2,6
accessibility,C2,6
cognitive,C2,6
artifact,C2,6
preservationist,C2,6
qualm,C2,6
besiege,C2,6
cloister,C2,6
cloistered,C2,6
annex,C2,6
annex,C2,6
resuscitate,C2,6
resuscitation,C2,6
ravish,C2,6
fabricate,C2,6
fabrication,C2,6
patchy,C2,6
patchily,C2,6
resounding,C2,6
resoundingly,C2,6
resound,C2,6
ordain,C2,6
inchoate,C2,6
inchoately,C2,6
elated,C2,6
elation,C2,6
hysteria,C2,6
hysterical,C2,6
hysterically,C2,6
jarring,C2,6
suffuse,C2,6
totter,C2,6
pyre,C2,6
contemptuous,C2,6
contemptuously,C2,6
forlorn,C2,6
forlornly,C2,6
rebuke,C2,6
rebuke,C2,6
abhorrent,C2,6
abhor,C2,6
abhorrently,C2,6
aberration,C2,6
emulsify,C2,6
emulsification,C2,6
emulsifier,C2,6
additive,C2,6
additive,C2,6
confection,C2,6
proximal,C2,6
vandalize,C2,6
vandal,C2,6
feign,C2,6
paradoxical,C2,6
paradoxically,C2,6
laryngitis,C2,6
stringent,C2,6
astringent,C2,6
stringently,C2,6
standing,C2,6
economize/economise,C2,6
breadwinner,C2,6
cosset,C2,6
counsel,C2,6
misdemeanor/misdemanour,C2,6
aptitude,C2,6
torrential,C2,6
banish,C2,6
banishment,C2,6
knack,C2,6
fruition,C2,6
tantalize/tantalise,C2,6
tantalizingly/tantalisingly,C2,6
maelstrom,C2,6
vortex,C2,6
depressive,C2,6
shoal,C2,6
scroll,C2,6
collide,C2,6
collider,C2,6
edifice,C2,6
thicket,C2,6
leaven,C2,6
leavening,C2,6
ethos,C2,6
exhibitionist,C2,6
interweave,C2,6
burgeoning,C2,6
indiscrete,C2,6
indiscretion,C2,6
telescopic,C2,6
telescopically,C2,6
amorphous,C2,6
amorphously,C2,6
hamper,C2,6
proliferate,C2,6
proliferation,C2,6
deterrent,C2,6
selectivity,C2,6
fractious,C2,6
mystique,C2,6
assimilate,C2,6
assimilation,C2,6
intersperse,C2,6
verbatim,C2,6
verbatim,C2,6
verily,C2,6
veritable,C2,6
verisimilitude,C2,6
artifice,C2,6
advantageous,C2,6
unfeasible,C2,6
unfeasibly,C2,6
behest,C2,6
virtuoso,C2,6
virtuosity,C2,6
cascade,C2,6
cascade,C2,6
crippling,C2,6
nascent,C2,6
smattering,C2,6
corpus,C2,6
wheeze,C2,6
neophyte,C2,6
coax,C2,6
formidably,C2,6
formidable,C2,6
squint,C2,6
hoist,C2,6
flatout,C2,6
buzzard,C2,6
bogus,C2,6
derision,C2,6
derisive,C2,6
derisively,C2,6
truism,C2,6
prurient,C2,6
wither,C2,6
prurience,C2,6
tetchy,C2,6
agile,C2,6
agility,C2,6
aghast,C2,6
dwarf,C2,6
dwarfism,C2,6
etch,C2,6
etching,C2,6
rapture,C2,6
rapturous,C2,6
rapturously,C2,6
ad lib,C2,6
ad-lib,C2,6
improvisational,C2,6
acrobatics,C2,6
acrobatically,C2,6
acrobatic,C2,6
arduous,C2,6
ardor/ardour,C2,6
arduously,C2,6
counterproductive,C2,6
counterproductively,C2,6
proverbial,C2,6
instantaneous,C2,6
instantaneously,C2,6
mull over,C2,6
ruminate,C2,6
rumination,C2,6
ruminant,C2,6
ruminative,C2,6
hover,C2,6
armory/armoury,C2,6
apostle,C2,6
blubber,C2,6
blubbery,C2,6
merger,C2,6
trifle,C2,6
trifle,C2,6
eke out,C2,6
paramount,C2,6
squirm,C2,6
squirmy,C2,6
floe,C2,6
embody,C2,6
embodiment,C2,6
wistful,C2,6
wistfully,C2,6
mercantile,C2,6
skew,C2,6
subsist,C2,6
subsistence,C2,6
subsidy,C2,6
subsidize,C2,6
legion,C2,6
confrontational,C2,6
confrontationally,C2,6
bout,C2,6
gout,C2,6
hinder,C2,6
hindrance,C2,6
myriad,C2,6
histrionic,C2,6
histrionically,C2,6
marketability,C2,6
promotable,C2,6
tacit,C2,6
tacitly,C2,6
taciturn,C2,6
taciturnity,C2,6
surreptitious,C2,6
surreptitiously,C2,6
allegory,C2,6
allegorical,C2,6
seedy,C2,6
punitive,C2,6
punitively,C2,6
temper,C2,6
milieu,C2,6
self-aggrandizement/self-aggrandisement,C2,6
unadulterated,C2,6
adulterate,C2,6
patronize/patronise,C2,6
patronizing/patronising,C2,6
patronizingly/patronisingly,C2,6
cogent,C2,6
cogently,C2,6
relegate,C2,6
incongruous,C2,6
incongruously,C2,6
incongruity,C2,6
deaden,C2,6
attuned,C2,6
attributive,C2,6
ecotourism,C2,6
surge,C2,6
surge,C2,6
farcical,C2,6
incise,C2,6
incipient,C2,6
echolocation,C2,6
echolocate,C2,6
reverb,C2,6
reverberation,C2,6
reverberate,C2,6
ingenuous,C2,6
ingenuously,C2,6
impresario,C2,6
elasticity,C2,6
synthesis,C2,6
salivary,C2,6
hypnotherapy,C2,6
wholly,C2,6
remorseful,C2,6
remonstrate,C2,6
remonstrance,C2,6
unexcused,C2,6
unexceptionally,C2,6
unexceptional,C2,6
inexorable,C2,6
inexorably,C2,6
inexorability,C2,6
tranquilize/tranquilise,C2,6
